Workbook
Name ManualWindDirection: WINTEM!$J$21
Name Vz_15: PERFORMANCE!$E$10
Name Fb: PERFORMANCE!$E$8
Name AverageWindDirection: WINTEM!$G$21
Name SpeedUnit: PERFORMANCE!$E$7
Name DInit: PERFORMANCE!$D$43
Name Zpo: PERFORMANCE!$D$46
Name FF_Procedures: PERFORMANCE!$H$71
Name TOW: PERFORMANCE!$E$16
Name DénDd: PERFORMANCE!$D$39
Name VzCorrZ: DR400120_PERFORMANCE!$C$73
Name ZRéf: PERFORMANCE!$H$18
Name VP3K: CTLS_FF!$D$24:$D$27
Name QFU: PERFORMANCE!$H$15
Name DR400_DaCorr: DR400120_PERFORMANCE!$D$113
Name VP7K: CTLS_FF!$D$40:$D$43
Name Dd: PERFORMANCE!$E$30
Name Dw: PERFORMANCE!$H$6
Name Etape2: CARBURANT!$B$25
Name VP10K: CTLS_FF!$D$52:$D$55
Name FF3K: CTLS_FF!$E$24:$E$27
Name CTLS_TOW: PERFORMANCE!$C$16
Name FF8K: CTLS_FF!$E$44:$E$47
Name Zo: PERFORMANCE!$C$22
Name Zd: PERFORMANCE!$K$5
Name Zp: PERFORMANCE!$K$4
Name Do: PERFORMANCE!$C$21
Name TODA: PERFORMANCE!$H$17
Name Veff: PERFORMANCE!$H$8
Name Hv_0: PERFORMANCE!$E$13
Name Da: PERFORMANCE!$E$32
Name VP5K: CTLS_FF!$D$32:$D$35
Name fplPath: fplAlign!$A$1
Name FF9K: CTLS_FF!$E$48:$E$51
Name FuelMax: PERFORMANCE!$E$14
Name Slope: PERFORMANCE!$K$18
Name GradCont: PERFORMANCE!$D$41
Name CTLS_LW: PERFORMANCE!$C$18
Name VP12K: CTLS_FF!$D$56:$D$59
Name Dra: PERFORMANCE!$E$31
Name Vw: PERFORMANCE!$H$7
Name FF5K: CTLS_FF!$E$32:$E$35
Name FF7K: CTLS_FF!$E$40:$E$43
Name ManualWindSpeed: WINTEM!$J$20
Name CTLS_DrdCorr: 'CTLS-LSA_PERFORMANCE'!$H$59
Name CTLS_DaCorr: 'CTLS-LSA_PERFORMANCE'!$K$59
Name FF6K: CTLS_FF!$E$36:$E$39
Name GradInit: PERFORMANCE!$D$40
Name QNH: PERFORMANCE!$H$4
Name SurfType: PERFORMANCE!$H$13
Name VP8K: CTLS_FF!$D$44:$D$47
Name Zt: PERFORMANCE!$H$12
Name WindMode: WINTEM!$J$15
Name CTLS_DraCorr: 'CTLS-LSA_PERFORMANCE'!$J$59
Name Drd: PERFORMANCE!$E$29
Name TORA: PERFORMANCE!$H$16
Name DR400_LW: PERFORMANCE!$D$18
Name FF4K: CTLS_FF!$E$28:$E$31
Name OAT: PERFORMANCE!$H$3
Name SurfEtat: PERFORMANCE!$H$14

Sheet READ ME !
B2: Top + estimée - Route - Altitude - Moteur - Essence - Radio | I2: H E | K2: FREQUENCE | P2: Top + estimée - Route - Altitude - Moteur - Essence - Radio | W2: H E | Y2: FREQUENCE
B3: Rm ° | D3: D nm | E3: Z ft | G3: T min | J3: H R | K3: REPORT | P3: Rm ° | R3: D nm | S3: Z ft | U3: T min | X3: H R | Y3: REPORT
C4: Cm ° | D4: Vi kts | F4: MSA ft | H4: Tw/ETA | I4: --- | K4: LES MUREAUX | Q4: Cm ° | R4: Vi kts | T4: MSA ft | V4: Tw/ETA
B5: 252 | D5: 6 | E5: 1000 | G5: 3.6 | K5: LFXU | M5: 122.955 | P5: 62 | R5: 8.8 | S5: 1400 | U5: 5.28 | Y5: MEZEROL
C6: 254.37336 | D6: 97.839799 | F6: 1400 | H6: 4 (52) | Q6: 58.122763 | R6: 97.20576 | T6: 1500 | V6: 5 (5)
B7: 222 | D7: 3.1 | E7: 1400 | G7: 1.86 | K7: SW | Y7: LFXU
C8: 228.49619 | D8: 97.20576 | F8: 1300 | H8: 2 (48) | K8: LE BOURGET Info
B9: 189 | D9: 8.2 | E9: 1900 | G9: 4.92 | K9: MEZEROL | M9: 123.835
C10: 198.00401 | D10: 96.424674 | F10: 1300 | H10: 5 (46)
B11: 189 | D11: 11 | E11: 1900 | G11: 6.6 | K11: N12
C12: 198.00401 | D12: 96.424674 | F12: 1400 | H12: 7 (41) | K12: CHARTRES
B13: 206 | D13: 11 | E13: 1900 | G13: 6.6 | K13: EPR | M13: 119.205
C14: 214.04433 | D14: 96.424674 | F14: 1300 | H14: 7 (34) | K14: LE BOURGET Approche
B15: 312 | D15: 2.8 | E15: 1900 | G15: 1.68 | K15: LFOR | M15: 118.8
C16: 305.50381 | D16: 96.424674 | F16: 1300 | H16: 2 (27)
B17: 340 | D17: 14 | E17: 1900 | G17: 8.4 | K17: N154
C18: 331.19867 | D18: 96.424674 | F18: 1600 | H18: 9 (25) | K18: DREUX
B19: 78 | D19: 2.8 | E19: 1900 | G19: 1.68 | K19: LFON | M19: 118.205
C20: 76.565765 | D20: 96.424674 | F20: 1400 | H20: 1 (16)
B21: 42 | D21: 18 | E21: 1900 | G21: 10.8 | K21: MEZIER
C22: 35.503813 | D22: 96.424674 | F22: 1300 | H22: 10 (14)
K23: MEZEROL
D25: hh:mm | E25: L | I25: DEP (E/R) | L25: ARR | P25: QNH | Q25: 1015 | S25: Vw | T25: 16 | U25: kts | V25: Xm | W25: 9.6 | X25: deg | Y25: AUTRES FREQUENCES
B26: PROC DEP | D26: 0.0069444444 | E26: 2.2133559 | G26: DATE | I26: 45109 | P26: OAT | Q26: 18 | R26: °C | S26: Dw | T26: 267 | U26: deg | V26: Fb | W26: 0.6 | Y26: LE BOURGET Approche | AB26: 118.8
B27: ETAPES | D27: 0.036346018 | E27: 11.584321 | G27: HEURE | I27: 0.5 | Q27: 100 | R27: ft | S27: FF | T27: 13.280135 | U27: L/h | V27: D | W27: 85.7 | X27: nm
B28: PROC ARR | D28: 0.0069444444 | E28: 2.2133559 | G28: HOBBS | N28: h,m | Y28: PONTOISE ATIS | AB28: 124.125
B29: RES. ROUTE | D29: 0.013888889 | E29: 4.4267117 | G29: CARBU (L) | I29: 60 | N29: L | P29: α | Q29: 0 | R29: 30 | S29: 45 | T29: 60 | U29: 90 | V29: deg
B30: RES. FINALE | D30: 0.020833333 | E30: 6.6400676 | G30: AUTONOMIE | I30: 0.15644845 | L30: hh:mm | P30: X° | Q30: 0 | R30: 4.8 | S30: 6.7882251 | T30: 8.3138439 | U30: 9.6 | V30: deg | Y30: GUARD | AB30: 121.5
B31: CARBU MINI | D31: 0.084957129 | E31: 27.077812 | G31: ARR. MOT. | I31: 0.65644845 | P31: Tc | Q31: 9.6 | R31: 8.3138439 | S31: 6.7882251 | T31: 4.8 | U31: 0 | V31: s/min
G32: ROLL / 50 ft | J32: 200 | K32: 370 | L32: 140 | M32: 360 | N32: m

Sheet fplAlign
A1: https://drive.google.com/open?id=1CD8gElm2eIWqvcc28HXxKBx5Kiu-HcaF&usp=drive_fs | B1: Identifiant | C1: Type
B2: LFXU | C2: AIRPORT
B3: XUSW | C3: USER WAYPOINT
B4: MEZER | C4: USER WAYPOINT
B5: ONEE | C5: USER WAYPOINT
B6: LFON | C6: AIRPORT

Sheet LOG
A1: pasca
B2: Top + estimée - Route - Altitude - Moteur - Essence - Radio | I2: H E | K2: FREQUENCE | P2: Top + estimée - Route - Altitude - Moteur - Essence - Radio | W2: H E | Y2: FREQUENCE
B3: Rm ° | D3: D nm | E3: Z ft | G3: T min | J3: H R | K3: REPORT | P3: Rm ° | R3: D nm | S3: Z ft | U3: T min | X3: H R | Y3: REPORT
C4: Cm ° | D4: ="Vi "&SpeedUnit -> Vi kn | F4: MSA/Tx | H4: Tw/Fuel | I4: --- | N4: LES MUREAUX | Q4: Cm ° | R4: ="Vi "&SpeedUnit -> Vi kn | T4: MSA ft | V4: Tw/Fuel
B5: ='CALCULS BRANCHES'!M2 -> 252 | D5: ='CALCULS BRANCHES'!F2 -> 6 | E5: =IF('CALCULS BRANCHES'!J2,CONCATENATE("FL",'CALCULS BRANCHES'!J2),'CALCULS BRANCHES'!I2) -> 1400 | G5: ='CALCULS BRANCHES'!AG2 -> 3.6 | K5: ='CALCULS BRANCHES'!A2 -> LFXU | M5: =IFERROR(VLOOKUP(N4,FREQUENCES!$A:$B,2,0),) -> 122.955 | P5: ='CALCULS BRANCHES'!M11 | R5: ='CALCULS BRANCHES'!F11 | S5: =IF('CALCULS BRANCHES'!J11,CONCATENATE("FL",'CALCULS BRANCHES'!J11),'CALCULS BRANCHES'!I11) | U5: ='CALCULS BRANCHES'!AG11 | Y5: ='CALCULS BRANCHES'!A11 | AA5: =IFERROR(VLOOKUP(AB4,FREQUENCES!$A:$B,2,0),)
C6: ='CALCULS BRANCHES'!AF2 -> 260.57931 | D6: =IF(COUNTIF('CALCULS BRANCHES'!B2,""),"",TEXT(ROUND(CONVERT('CALCULS BRANCHES'!Y2,"kn",SpeedUnit),0),"000")) -> 099 | F6: =IF('CALCULS BRANCHES'!J2,CONCATENATE("TA",'CALCULS BRANCHES'!Q2),'CALCULS BRANCHES'!K2) -> 1100 | H6: =IF(COUNTIF('CALCULS BRANCHES'!B2,""),,ROUND('CALCULS BRANCHES'!AH2,0)&" ("&'CALCULS BRANCHES'!AK2&")") -> 4 (1,44) | Q6: ='CALCULS BRANCHES'!AF11 | R6: =IF(COUNTIF('CALCULS BRANCHES'!B11,""),"",TEXT(ROUND(CONVERT('CALCULS BRANCHES'!Y11,"kn",SpeedUnit),0),"000")) | T6: =IF('CALCULS BRANCHES'!J11,IF('CALCULS BRANCHES'!I10,CONCATENATE("TA",'CALCULS BRANCHES'!Q11),CONCATENATE("TL",'CALCULS BRANCHES'!S11)),IF('CALCULS BRANCHES'!J10,CONCATENATE("TL",'CALCULS BRANCHES'!S11),'CALCULS BRANCHES'!K11)) | V6: =IF(COUNTIF('CALCULS BRANCHES'!B11,""),,ROUND('CALCULS BRANCHES'!AH11,0)&" ("&ROUND('CALCULS BRANCHES'!AK11,2)&")")
B7: ='CALCULS BRANCHES'!M3 -> 221 | D7: ='CALCULS BRANCHES'!F3 -> 3.1 | E7: =IF('CALCULS BRANCHES'!J3,CONCATENATE("FL",'CALCULS BRANCHES'!J3),'CALCULS BRANCHES'!I3) -> 1400 | G7: ='CALCULS BRANCHES'!AG3 -> 1.86 | K7: ='CALCULS BRANCHES'!B2 -> PTSW | M7: =IFERROR(VLOOKUP(N6,FREQUENCES!$A:$B,2,0),) | P7: ='CALCULS BRANCHES'!M12 | R7: ='CALCULS BRANCHES'!F12 | S7: =IF('CALCULS BRANCHES'!J12,CONCATENATE("FL",'CALCULS BRANCHES'!J12),'CALCULS BRANCHES'!I12) | U7: ='CALCULS BRANCHES'!AG12 | Y7: ='CALCULS BRANCHES'!B11 | AA7: =IFERROR(VLOOKUP(AB6,FREQUENCES!$A:$B,2,0),)
C8: ='CALCULS BRANCHES'!AF3 -> 228.81334 | D8: =IF(COUNTIF('CALCULS BRANCHES'!B3,""),"",TEXT(ROUND(CONVERT('CALCULS BRANCHES'!Y3,"kn",SpeedUnit),0),"000")) -> 099 | F8: =IF('CALCULS BRANCHES'!J3,IF('CALCULS BRANCHES'!I2,CONCATENATE("TA",'CALCULS BRANCHES'!Q3),CONCATENATE("TL",'CALCULS BRANCHES'!S3)),IF('CALCULS BRANCHES'!J2,CONCATENATE("TL",'CALCULS BRANCHES'!S3),'CALCULS BRANCHES'!K3)) -> 1500 | H8: =IF(COUNTIF('CALCULS BRANCHES'!B3,""),,ROUND('CALCULS BRANCHES'!AH3,0)&" ("&'CALCULS BRANCHES'!AK3&")") -> 2 (1,39) | N8: LE BOURGET Info | Q8: ='CALCULS BRANCHES'!AF12 | R8: =IF(COUNTIF('CALCULS BRANCHES'!B12,""),"",TEXT(ROUND(CONVERT('CALCULS BRANCHES'!Y12,"kn",SpeedUnit),0),"000")) | T8: =IF('CALCULS BRANCHES'!J12,IF('CALCULS BRANCHES'!I11,CONCATENATE("TA",'CALCULS BRANCHES'!Q12),CONCATENATE("TL",'CALCULS BRANCHES'!S12)),IF('CALCULS BRANCHES'!J11,CONCATENATE("TL",'CALCULS BRANCHES'!S12),'CALCULS BRANCHES'!K12)) | V8: =IF(COUNTIF('CALCULS BRANCHES'!B12,""),,ROUND('CALCULS BRANCHES'!AH12,0)&" ("&ROUND('CALCULS BRANCHES'!AK12,2)&")")
B9: ='CALCULS BRANCHES'!M4 -> 189 | D9: ='CALCULS BRANCHES'!F4 -> 8.2 | E9: =IF('CALCULS BRANCHES'!J4,CONCATENATE("FL",'CALCULS BRANCHES'!J4),'CALCULS BRANCHES'!I4) -> 1400 | G9: ='CALCULS BRANCHES'!AG4 -> 4.92 | K9: ='CALCULS BRANCHES'!B3 -> MEZER | M9: =IFERROR(VLOOKUP(N8,FREQUENCES!$A:$B,2,0),) -> 123.835 | P9: ='CALCULS BRANCHES'!M13 | R9: ='CALCULS BRANCHES'!F13 | S9: =IF('CALCULS BRANCHES'!J13,CONCATENATE("FL",'CALCULS BRANCHES'!J13),'CALCULS BRANCHES'!I13) | U9: ='CALCULS BRANCHES'!AG13 | Y9: ='CALCULS BRANCHES'!B12 | AA9: =IFERROR(VLOOKUP(AB8,FREQUENCES!$A:$B,2,0),)
C10: ='CALCULS BRANCHES'!AF4 -> 193.68605 | D10: =IF(COUNTIF('CALCULS BRANCHES'!B4,""),"",TEXT(ROUND(CONVERT('CALCULS BRANCHES'!Y4,"kn",SpeedUnit),0),"000")) -> 099 | F10: =IF('CALCULS BRANCHES'!J4,IF('CALCULS BRANCHES'!I3,CONCATENATE("TA",'CALCULS BRANCHES'!Q4),CONCATENATE("TL",'CALCULS BRANCHES'!S4)),IF('CALCULS BRANCHES'!J3,CONCATENATE("TL",'CALCULS BRANCHES'!S4),'CALCULS BRANCHES'!K4)) -> 1400 | H10: =IF(COUNTIF('CALCULS BRANCHES'!B4,""),,ROUND('CALCULS BRANCHES'!AH4,0)&" ("&'CALCULS BRANCHES'!AK4&")") -> 4 (1,28) | Q10: ='CALCULS BRANCHES'!AF13 | R10: =IF(COUNTIF('CALCULS BRANCHES'!B13,""),"",TEXT(ROUND(CONVERT('CALCULS BRANCHES'!Y13,"kn",SpeedUnit),0),"000")) | T10: =IF('CALCULS BRANCHES'!J13,IF('CALCULS BRANCHES'!I12,CONCATENATE("TA",'CALCULS BRANCHES'!Q13),CONCATENATE("TL",'CALCULS BRANCHES'!S13)),IF('CALCULS BRANCHES'!J12,CONCATENATE("TL",'CALCULS BRANCHES'!S13),'CALCULS BRANCHES'!K13)) | V10: =IF(COUNTIF('CALCULS BRANCHES'!B13,""),,ROUND('CALCULS BRANCHES'!AH13,0)&" ("&ROUND('CALCULS BRANCHES'!AK13,2)&")")
B11: ='CALCULS BRANCHES'!M5 -> 189 | D11: ='CALCULS BRANCHES'!F5 -> 10.6 | E11: =IF('CALCULS BRANCHES'!J5,CONCATENATE("FL",'CALCULS BRANCHES'!J5),'CALCULS BRANCHES'!I5) -> 1400 | G11: ='CALCULS BRANCHES'!AG5 -> 6.36 | K11: ='CALCULS BRANCHES'!B4 -> N12HE | M11: =IFERROR(VLOOKUP(N10,FREQUENCES!$A:$B,2,0),) | P11: ='CALCULS BRANCHES'!M14 | R11: ='CALCULS BRANCHES'!F14 | S11: =IF('CALCULS BRANCHES'!J14,CONCATENATE("FL",'CALCULS BRANCHES'!J14),'CALCULS BRANCHES'!I14) | U11: ='CALCULS BRANCHES'!AG14 | Y11: ='CALCULS BRANCHES'!B13 | AA11: =IFERROR(VLOOKUP(AB10,FREQUENCES!$A:$B,2,0),)
C12: ='CALCULS BRANCHES'!AF5 -> 193.68605 | D12: =IF(COUNTIF('CALCULS BRANCHES'!B5,""),"",TEXT(ROUND(CONVERT('CALCULS BRANCHES'!Y5,"kn",SpeedUnit),0),"000")) -> 099 | F12: =IF('CALCULS BRANCHES'!J5,IF('CALCULS BRANCHES'!I4,CONCATENATE("TA",'CALCULS BRANCHES'!Q5),CONCATENATE("TL",'CALCULS BRANCHES'!S5)),IF('CALCULS BRANCHES'!J4,CONCATENATE("TL",'CALCULS BRANCHES'!S5),'CALCULS BRANCHES'!K5)) -> 1500 | H12: =IF(COUNTIF('CALCULS BRANCHES'!B5,""),,ROUND('CALCULS BRANCHES'!AH5,0)&" ("&'CALCULS BRANCHES'!AK5&")") -> 6 (1,14) | N12: CHARTRES | Q12: ='CALCULS BRANCHES'!AF14 | R12: =IF(COUNTIF('CALCULS BRANCHES'!B14,""),"",TEXT(ROUND(CONVERT('CALCULS BRANCHES'!Y14,"kn",SpeedUnit),0),"000")) | T12: =IF('CALCULS BRANCHES'!J14,IF('CALCULS BRANCHES'!I13,CONCATENATE("TA",'CALCULS BRANCHES'!Q14),CONCATENATE("TL",'CALCULS BRANCHES'!S14)),IF('CALCULS BRANCHES'!J13,CONCATENATE("TL",'CALCULS BRANCHES'!S14),'CALCULS BRANCHES'!K14)) | V12: =IF(COUNTIF('CALCULS BRANCHES'!B14,""),,ROUND('CALCULS BRANCHES'!AH14,0)&" ("&ROUND('CALCULS BRANCHES'!AK14,2)&")")
B13: ='CALCULS BRANCHES'!M6 -> 206 | D13: ='CALCULS BRANCHES'!F6 -> 11.3 | E13: =IF('CALCULS BRANCHES'!J6,CONCATENATE("FL",'CALCULS BRANCHES'!J6),'CALCULS BRANCHES'!I6) -> 1900 | G13: ='CALCULS BRANCHES'!AG6 -> 6.78 | K13: ='CALCULS BRANCHES'!B5 -> EPR | M13: =IFERROR(VLOOKUP(N12,FREQUENCES!$A:$B,2,0),) -> 119.205 | P13: ='CALCULS BRANCHES'!M15 | R13: ='CALCULS BRANCHES'!F15 | S13: =IF('CALCULS BRANCHES'!J15,CONCATENATE("FL",'CALCULS BRANCHES'!J15),'CALCULS BRANCHES'!I15) | U13: ='CALCULS BRANCHES'!AG15 | Y13: ='CALCULS BRANCHES'!B14 | AA13: =IFERROR(VLOOKUP(AB12,FREQUENCES!$A:$B,2,0),)
C14: ='CALCULS BRANCHES'!AF6 -> 212.59824 | D14: =IF(COUNTIF('CALCULS BRANCHES'!B6,""),"",TEXT(ROUND(CONVERT('CALCULS BRANCHES'!Y6,"kn",SpeedUnit),0),"000")) -> 098 | F14: =IF('CALCULS BRANCHES'!J6,IF('CALCULS BRANCHES'!I5,CONCATENATE("TA",'CALCULS BRANCHES'!Q6),CONCATENATE("TL",'CALCULS BRANCHES'!S6)),IF('CALCULS BRANCHES'!J5,CONCATENATE("TL",'CALCULS BRANCHES'!S6),'CALCULS BRANCHES'!K6)) -> 1400 | H14: =IF(COUNTIF('CALCULS BRANCHES'!B6,""),,ROUND('CALCULS BRANCHES'!AH6,0)&" ("&ROUND('CALCULS BRANCHES'!AK6,2)&")") -> 6 (0,59) | Q14: ='CALCULS BRANCHES'!AF15 | R14: =IF(COUNTIF('CALCULS BRANCHES'!B15,""),"",TEXT(ROUND(CONVERT('CALCULS BRANCHES'!Y15,"kn",SpeedUnit),0),"000")) | T14: =IF('CALCULS BRANCHES'!J15,IF('CALCULS BRANCHES'!I14,CONCATENATE("TA",'CALCULS BRANCHES'!Q15),CONCATENATE("TL",'CALCULS BRANCHES'!S15)),IF('CALCULS BRANCHES'!J14,CONCATENATE("TL",'CALCULS BRANCHES'!S15),'CALCULS BRANCHES'!K15)) | V14: =IF(COUNTIF('CALCULS BRANCHES'!B15,""),,ROUND('CALCULS BRANCHES'!AH15,0)&" ("&ROUND('CALCULS BRANCHES'!AK15,2)&")")
B15: ='CALCULS BRANCHES'!M7 -> 335 | D15: ='CALCULS BRANCHES'!F7 -> 16.2 | E15: =IF('CALCULS BRANCHES'!J7,CONCATENATE("FL",'CALCULS BRANCHES'!J7),'CALCULS BRANCHES'!I7) -> 1900 | G15: ='CALCULS BRANCHES'!AG7 -> 9.72 | K15: ='CALCULS BRANCHES'!B6 -> LFOR | M15: =IFERROR(VLOOKUP(N14,FREQUENCES!$A:$B,2,0),) | P15: ='CALCULS BRANCHES'!M16 | R15: ='CALCULS BRANCHES'!F16 | S15: =IF('CALCULS BRANCHES'!J16,CONCATENATE("FL",'CALCULS BRANCHES'!J16),'CALCULS BRANCHES'!I16) | U15: ='CALCULS BRANCHES'!AG16 | Y15: ='CALCULS BRANCHES'!B15 | AA15: =IFERROR(VLOOKUP(AB14,FREQUENCES!$A:$B,2,0),)
C16: ='CALCULS BRANCHES'!AF7 -> 335.14999 | D16: =IF(COUNTIF('CALCULS BRANCHES'!B7,""),"",TEXT(ROUND(CONVERT('CALCULS BRANCHES'!Y7,"kn",SpeedUnit),0),"000")) -> 098 | F16: =IF('CALCULS BRANCHES'!J7,IF('CALCULS BRANCHES'!I6,CONCATENATE("TA",'CALCULS BRANCHES'!Q7),CONCATENATE("TL",'CALCULS BRANCHES'!S7)),IF('CALCULS BRANCHES'!J6,CONCATENATE("TL",'CALCULS BRANCHES'!S7),'CALCULS BRANCHES'!K7)) -> 1500 | H16: =IF(COUNTIF('CALCULS BRANCHES'!B7,""),,ROUND('CALCULS BRANCHES'!AH7,0)&" ("&ROUND('CALCULS BRANCHES'!AK7,2)&")") -> 11 (0,3) | Q16: ='CALCULS BRANCHES'!AF16 | R16: =IF(COUNTIF('CALCULS BRANCHES'!B16,""),"",TEXT(ROUND(CONVERT('CALCULS BRANCHES'!Y16,"kn",SpeedUnit),0),"000")) | T16: =IF('CALCULS BRANCHES'!J16,IF('CALCULS BRANCHES'!I15,CONCATENATE("TA",'CALCULS BRANCHES'!Q16),CONCATENATE("TL",'CALCULS BRANCHES'!S16)),IF('CALCULS BRANCHES'!J15,CONCATENATE("TL",'CALCULS BRANCHES'!S16),'CALCULS BRANCHES'!K16)) | V16: =IF(COUNTIF('CALCULS BRANCHES'!B16,""),,ROUND('CALCULS BRANCHES'!AH16,0)&" ("&ROUND('CALCULS BRANCHES'!AK16,2)&")")
B17: ='CALCULS BRANCHES'!M8 | D17: ='CALCULS BRANCHES'!F8 | E17: =IF('CALCULS BRANCHES'!J8,CONCATENATE("FL",'CALCULS BRANCHES'!J8),'CALCULS BRANCHES'!I8) | G17: ='CALCULS BRANCHES'!AG8 | K17: ='CALCULS BRANCHES'!B7 -> LFON | M17: =IFERROR(VLOOKUP(N16,FREQUENCES!$A:$B,2,0),) | P17: ='CALCULS BRANCHES'!M17 | R17: ='CALCULS BRANCHES'!F17 | S17: =IF('CALCULS BRANCHES'!J17,CONCATENATE("FL",'CALCULS BRANCHES'!J17),'CALCULS BRANCHES'!I17) | U17: ='CALCULS BRANCHES'!AG17 | Y17: ='CALCULS BRANCHES'!B16 | AA17: =IFERROR(VLOOKUP(AB16,FREQUENCES!$A:$B,2,0),)
C18: ='CALCULS BRANCHES'!AF8 | D18: =IF(COUNTIF('CALCULS BRANCHES'!B8,""),"",TEXT(ROUND(CONVERT('CALCULS BRANCHES'!Y8,"kn",SpeedUnit),0),"000")) | F18: =IF('CALCULS BRANCHES'!J8,IF('CALCULS BRANCHES'!I7,CONCATENATE("TA",'CALCULS BRANCHES'!Q8),CONCATENATE("TL",'CALCULS BRANCHES'!S8)),IF('CALCULS BRANCHES'!J7,CONCATENATE("TL",'CALCULS BRANCHES'!S8),'CALCULS BRANCHES'!K8)) | H18: =IF(COUNTIF('CALCULS BRANCHES'!B8,""),,ROUND('CALCULS BRANCHES'!AH8,0)&" ("&ROUND('CALCULS BRANCHES'!AK8,2)&")") | Q18: ='CALCULS BRANCHES'!AF17 | R18: =IF(COUNTIF('CALCULS BRANCHES'!B17,""),"",TEXT(ROUND(CONVERT('CALCULS BRANCHES'!Y17,"kn",SpeedUnit),0),"000")) | T18: =IF('CALCULS BRANCHES'!J17,IF('CALCULS BRANCHES'!I16,CONCATENATE("TA",'CALCULS BRANCHES'!Q17),CONCATENATE("TL",'CALCULS BRANCHES'!S17)),IF('CALCULS BRANCHES'!J16,CONCATENATE("TL",'CALCULS BRANCHES'!S17),'CALCULS BRANCHES'!K17)) | V18: =IF(COUNTIF('CALCULS BRANCHES'!B17,""),,ROUND('CALCULS BRANCHES'!AH17,0)&" ("&ROUND('CALCULS BRANCHES'!AK17,2)&")")
B19: ='CALCULS BRANCHES'!M9 | D19: ='CALCULS BRANCHES'!F9 | E19: =IF('CALCULS BRANCHES'!J9,CONCATENATE("FL",'CALCULS BRANCHES'!J9),'CALCULS BRANCHES'!I9) | G19: ='CALCULS BRANCHES'!AG9 | K19: ='CALCULS BRANCHES'!B8 | M19: =IFERROR(VLOOKUP(N18,FREQUENCES!$A:$B,2,0),) | P19: ='CALCULS BRANCHES'!M18 | R19: ='CALCULS BRANCHES'!F18 | S19: =IF('CALCULS BRANCHES'!J18,CONCATENATE("FL",'CALCULS BRANCHES'!J18),'CALCULS BRANCHES'!I18) | U19: ='CALCULS BRANCHES'!AG18 | Y19: ='CALCULS BRANCHES'!B17 | AA19: =IFERROR(VLOOKUP(AB18,FREQUENCES!$A:$B,2,0),)
C20: ='CALCULS BRANCHES'!AF9 | D20: =IF(COUNTIF('CALCULS BRANCHES'!B9,""),"",TEXT(ROUND(CONVERT('CALCULS BRANCHES'!Y9,"kn",SpeedUnit),0),"000")) | F20: =IF('CALCULS BRANCHES'!J9,IF('CALCULS BRANCHES'!I8,CONCATENATE("TA",'CALCULS BRANCHES'!Q9),CONCATENATE("TL",'CALCULS BRANCHES'!S9)),IF('CALCULS BRANCHES'!J8,CONCATENATE("TL",'CALCULS BRANCHES'!S9),'CALCULS BRANCHES'!K9)) | H20: =IF(COUNTIF('CALCULS BRANCHES'!B9,""),,ROUND('CALCULS BRANCHES'!AH9,0)&" ("&ROUND('CALCULS BRANCHES'!AK9,2)&")") | Q20: ='CALCULS BRANCHES'!AF18 | R20: =IF(COUNTIF('CALCULS BRANCHES'!B18,""),"",TEXT(ROUND(CONVERT('CALCULS BRANCHES'!Y18,"kn",SpeedUnit),0),"000")) | T20: =IF('CALCULS BRANCHES'!J18,IF('CALCULS BRANCHES'!I17,CONCATENATE("TA",'CALCULS BRANCHES'!Q18),CONCATENATE("TL",'CALCULS BRANCHES'!S18)),IF('CALCULS BRANCHES'!J17,CONCATENATE("TL",'CALCULS BRANCHES'!S18),'CALCULS BRANCHES'!K18)) | V20: =IF(COUNTIF('CALCULS BRANCHES'!B18,""),,ROUND('CALCULS BRANCHES'!AH18,0)&" ("&ROUND('CALCULS BRANCHES'!AK18,2)&")")
B21: ='CALCULS BRANCHES'!M10 | D21: ='CALCULS BRANCHES'!F10 | E21: =IF('CALCULS BRANCHES'!J10,CONCATENATE("FL",'CALCULS BRANCHES'!J10),'CALCULS BRANCHES'!I10) | G21: ='CALCULS BRANCHES'!AG10 | K21: ='CALCULS BRANCHES'!B9 | M21: =IFERROR(VLOOKUP(N20,FREQUENCES!$A:$B,2,0),) | P21: ='CALCULS BRANCHES'!M19 | R21: ='CALCULS BRANCHES'!F19 | S21: =IF('CALCULS BRANCHES'!J19,CONCATENATE("FL",'CALCULS BRANCHES'!J19),'CALCULS BRANCHES'!I19) | U21: ='CALCULS BRANCHES'!AG19 | Y21: ='CALCULS BRANCHES'!B18 | AA21: =IFERROR(VLOOKUP(AB20,FREQUENCES!$A:$B,2,0),)
C22: ='CALCULS BRANCHES'!AF10 | D22: =IF(COUNTIF('CALCULS BRANCHES'!B10,""),"",TEXT(ROUND(CONVERT('CALCULS BRANCHES'!Y10,"kn",SpeedUnit),0),"000")) | F22: =IF('CALCULS BRANCHES'!J10,IF('CALCULS BRANCHES'!I9,CONCATENATE("TA",'CALCULS BRANCHES'!Q10),CONCATENATE("TL",'CALCULS BRANCHES'!S10)),IF('CALCULS BRANCHES'!J9,CONCATENATE("TL",'CALCULS BRANCHES'!S10),'CALCULS BRANCHES'!K10)) | H22: =IF(COUNTIF('CALCULS BRANCHES'!B10,""),,ROUND('CALCULS BRANCHES'!AH10,0)&" ("&ROUND('CALCULS BRANCHES'!AK10,2)&")") | Q22: ='CALCULS BRANCHES'!AF19 | R22: =IF(COUNTIF('CALCULS BRANCHES'!B19,""),"",TEXT(ROUND(CONVERT('CALCULS BRANCHES'!Y19,"kn",SpeedUnit),0),"000")) | T22: =IF('CALCULS BRANCHES'!J19,IF('CALCULS BRANCHES'!I18,CONCATENATE("TA",'CALCULS BRANCHES'!Q19),CONCATENATE("TL",'CALCULS BRANCHES'!S19)),IF('CALCULS BRANCHES'!J18,CONCATENATE("TL",'CALCULS BRANCHES'!S19),'CALCULS BRANCHES'!K19)) | V22: =IF(COUNTIF('CALCULS BRANCHES'!B19,""),,ROUND('CALCULS BRANCHES'!AH19,0)&" ("&ROUND('CALCULS BRANCHES'!AK19,2)&")")
K23: ='CALCULS BRANCHES'!B10 | M23: =IFERROR(VLOOKUP(N22,FREQUENCES!$A:$B,2,0),) | Y23: ='CALCULS BRANCHES'!B19 | AA23: =IFERROR(VLOOKUP(AB22,FREQUENCES!$A:$B,2,0),)
D25: hh:mm | E25: L | I25: DEP (E/R) | L25: ARR | P25: QNH | Q25: 1023 | S25: Vw | T25: =WINTEM!J20 -> 15 | U25: kts | V25: Xm | W25: =T25*W26 -> 9 | X25: deg | Y25: AUTRES FREQUENCES
B26: PROC DEP | D26: =CARBURANT!A6/1440 -> 0.0069444444 | E26: =D26*FF_Procedures*24 -> 3 | G26: DATE | I26: 45109 | P26: OAT | Q26: 25 | R26: °C | S26: Dw | T26: =WINTEM!J21 -> 336 | U26: deg | V26: Fb | W26: =Fb -> 0.6 | Y26: LE BOURGET Approche | AB26: =IFERROR(VLOOKUP(Y26,FREQUENCES!$A:$B,2,0),) -> 118.8
B27: ETAPES | D27: =SUM('CALCULS BRANCHES'!AH2:AH19)/1440 -> 0.023034505 | E27: =SUM('CALCULS BRANCHES'!AJ:AJ) -> 7.3416321 | G27: HEURE | I27: 0.52361111 | L27: ='CALCULS BRANCHES'!D11 | P27: Z AD | Q27: 100 | R27: ft | S27: KVe | T27: =IF(T25>10,IF(T25>20,10,5),0) -> 5 | U27: kts | V27: Σ D | W27: =SUM('CALCULS BRANCHES'!F:F) -> 55.4 | X27: nm
B28: PROC ARR | D28: =CARBURANT!E6/1440 -> 0.0069444444 | E28: =D28*FF_Procedures*24 -> 3 | G28: HOBBS | I28: 123.4 | L28: =I28+SUM(D26:D28)*24 -> 124.28616 | N28: h,m | Y28: PONTOISE ATIS | AB28: =IFERROR(VLOOKUP(Y28,FREQUENCES!$A:$B,2,0),) -> 124.125
B29: RES. ROUTE | D29: =(CARBURANT!D6+CARBURANT!C13)/1440 -> 0.020833333 | E29: =D29*FF_Procedures*24 -> 9 | G29: CARBU (L) | I29: =FuelMax -> 117.5 | L29: =I29-SUM(E26:E28) -> 104.15837 | N29: L | P29: α | Q29: 0 | R29: 30 | S29: 45 | T29: 60 | U29: 90 | V29: deg
B30: RES. FINALE | D30: =CARBURANT!C12/1440 -> 0.020833333 | E30: =D30*FF_Procedures*24 -> 9 | G30: ROLL / 50 ft | J30: =Drd -> 334.15215 | K30: =Dd -> 603.31787 | L30: =Dra -> 211.33059 | M30: =Da -> 547.93019 | N30: m | P30: X | Q30: =$W25*SIN(RADIANS(Q29)) -> 0 | R30: =$W25*SIN(RADIANS(R29)) -> 4.5 | S30: =$W25*SIN(RADIANS(S29)) -> 6.363961 | T30: =$W25*SIN(RADIANS(T29)) -> 7.7942286 | U30: =$W25*SIN(RADIANS(U29)) -> 9 | V30: deg | Y30: GUARD | AB30: =IFERROR(VLOOKUP(Y30,FREQUENCES!$A:$B,2,0),) -> 121.5
B31: FUEL MIN 1 | D31: =CARBURANT!C16 -> 0.079829884 | E31: =SUM(E26:E30) -> 31.341632 | G31: AUTONOMIE | I31: =I29/M31/24 -> 0.2992828 | L31: FF | M31: =E31/(D31*24) -> 16.358552 | N31: L/h | P31: Tc | Q31: =U30 -> 9 | R31: =T30 -> 7.7942286 | S31: =S30 -> 6.363961 | T31: =R30 -> 4.5 | U31: =Q30 -> 0 | V31: s/min
B32: FUEL MIN 1+2 | D32: =IFERROR(__xludf.DUMMYFUNCTION("IMPORTRANGE(Etape2,""LOG!D31"")+D31"),0.15965976787858516) -> 0.15965977 | E32: =IFERROR(__xludf.DUMMYFUNCTION("IMPORTRANGE(Etape2,""LOG!E31"")+E31"),62.625132722493476) -> 62.625133 | G32: HEURE IVV | I32: =I27+I31-15/(24*60) -> 0.81247724

Sheet CALCULS BRANCHES
A1: From | B1: To | C1: HE (hh:mm) | D1: HR (hh:mm) | E1: Compteur (h.d) | F1: Dist (NM) | G1: Rv (°) | H1: Dm (°) | I1: Zi | J1: FL | K1: MSA | L1: Zsfc | M1: Rm (°) | N1: Zp | O1: Zd | P1: Zv | Q1: TA | R1: 1FL | S1: TL | T1: QNH | U1: OAT Ref | V1: OAT Ref Elev | W1: Vw (KTS) | X1: Dw (°) | Y1: Vi | Z1: Vc | AA1: Fb | AB1: Vp (KTS) | AC1: Vs (KTS) | AD1: X (°) | AE1: FF (L/H) | AF1: Cm (°) | AG1: T (MIN) | AH1: Tw (MIN) | AI1: F (L) | AJ1: Fw (L) | AK1: ReqFuel (MIN) | AL1: BurnedFuel (L)
A2: LFXU | B2: PTSW | C2: =IF(COUNTIF(B2,""),,LOG!I27+LOG!D26+AH2/1440) -> 0.53312458 | D2: =IF(COUNTIF(B2,""),,C2) -> 0.53312458 | E2: =IF(COUNTIF(B2,""),,LOG!I28+(D2-LOG!I27)*24) -> 123.62832 | F2: =IF(COUNTIF(B2,""),,ROUND(CONVERT(Distance(VLOOKUP(A2,WAYPOINTS!A:C,2,FALSE()),VLOOKUP(A2,WAYPOINTS!A:C,3,FALSE()),VLOOKUP(B2,WAYPOINTS!A:C,2,FALSE()),VLOOKUP(B2,WAYPOINTS!A:C,3,FALSE())),"m","Nmi"),1)) -> 6 | G2: =IF(COUNTIF(B2,""),,MOD(Bearing(VLOOKUP(A2,WAYPOINTS!A:C,2,FALSE()),VLOOKUP(A2,WAYPOINTS!A:C,3,FALSE()),VLOOKUP(B2,WAYPOINTS!A:C,2,FALSE()),VLOOKUP(B2,WAYPOINTS!A:C,3,FALSE())),360)) -> 253.68469 | H2: =IFERROR(__xludf.DUMMYFUNCTION("IF(COUNTIF(B2,""""),,ROUND(SUBSTITUTE(IMPORTXML(""https://www.ngdc.noaa.gov/geomag-web/calculators/calculateDeclination?lat1=""&SUBSTITUTE(VLOOKUP(A2,WAYPOINTS!A:C,2,FALSE()),"","",""."")&""&lon1=""&SUBSTITUTE(VLOOKUP(A2,WAYPOINTS!A:C,3,FALSE()),"","",""."&""")&""&key=zNEw7&resultFormat=xml"",""//declination""),""."","",""),2))"),1.85) -> 1.85 | I2: 1400 | K2: =IF(COUNTIF(B2,""),,ROUND(L2+1000,-2)) -> 1100 | L2: =IF(COUNTIF(B2,""),,ROUND(CONVERT(getElevation(AVERAGE(VLOOKUP(A2,WAYPOINTS!A:C,2,FALSE()),VLOOKUP(B2,WAYPOINTS!A:C,2,FALSE())),AVERAGE(VLOOKUP(A2,WAYPOINTS!A:C,3,FALSE()),VLOOKUP(B2,WAYPOINTS!A:C,3,FALSE()))),"m","ft"),0)) -> 74 | M2: =IF(COUNTIF(B2,""),,ROUND(G2-H2,0)) -> 252 | N2: =IF(COUNTIF(B2,""),,IF(J2,J2*100,PressureAltitude(I2,T2))) -> 1127 | O2: =IF(COUNTIF(B2,""),,IF(J2,DensityAltitude(J2*100,IsaDeviation(V2,U2)),DensityAltitude(PressureAltitude(I2,T2),IsaDeviation(PressureAltitude(V2,T2),U2)))) -> 2273.8952 | P2: =IF(COUNTIF(B2,""),,IF(J2,TrueAltitude(IndicatedAltitude(J2*100,T2),IsaDeviation(V2,U2)),TrueAltitude(I2,IsaDeviation(V2,U2)))) -> 1342.88 | Q2: =IF(COUNTIF(B2,""),,3000+L2) -> 3074 | R2: =IF(COUNTIF(B2,""),,MinimalFlightLevel(Q2,T2,M2)) -> 45 | S2: =IF(COUNTIF(B2,""),,TransitionLevel(Q2,T2)) -> 30 | T2: =IF(COUNTIF(B2,""),,LOG!Q$25) -> 1023 | U2: =IF(COUNTIF(B2,""),,LOG!Q$26) -> 25 | V2: =IF(COUNTIF(B2,""),,LOG!Q$27) -> 100 | W2: =IF(COUNTIF(B2,""),,SWITCH(WindMode,"Detailed",WINTEM!F2,"Average",AverageWindSpeed,"Manual",ManualWindSpeed)) -> 15 | X2: =IF(COUNTIF(B2,""),,SWITCH(WindMode,"Detailed",WINTEM!G2,"Average",AverageWindDirection,"Manual",ManualWindDirection)) -> 336 | Y2: =IF(COUNTIF(B2,""),,Z2+0) -> 98.580692 | Z2: =IF(COUNTIF(B2,""),,IF(J2,CorrectedAirSpeed(IndicatedAltitude(J2,T2),AB2,IsaDeviation(PressureAltitude(V2,T2),U2)),CorrectedAirSpeed(I2,AB2,IsaDeviation(PressureAltitude(V2,T2),U2)))) -> 98.580692 | AA2: =IF(COUNTIF(B2,""),,LOG!W$26) -> 0.6 | AB2: =IF(COUNTIF(B2,""),,60/AA2) -> 100 | AC2: =IF(COUNTIF(B2,""),,AB2*COS(RADIANS(AD2))-(W2*COS(RADIANS(M2-X2)))) -> 97.313105 | AD2: =IF(COUNTIF(B2,""),,DEGREES(ASIN(W2/AB2*SIN(RADIANS(M2-X2))))) -> -8.5793099 | AE2: =IF(COUNTIF(B2,""),,PERFORMANCE!H53) -> 13.280135 | AF2: =IF(COUNTIF(B2,""),,MOD(M2-AD2,360)) -> 260.57931 | AG2: =IF(COUNTIF(B2,""),,F2*60/AB2) -> 3.6 | AH2: =IF(COUNTIF(B2,""),,F2*60/AC2) -> 3.699399 | AI2: =IF(COUNTIF(B2,""),,AE2/60*AG2) -> 0.79680811 | AJ2: =IF(COUNTIF(B2,""),,AE2/60*AH2) -> 0.81880864 | AK2: =IF(COUNTIF(B2,""),,ROUND(ReqFuel(CARBURANT!G$20,CARBURANT!G$21,CARBURANT!G$22,CARBURANT!G$23,SUM(AH$2:AH2)),2)) -> 1.44 | AL2: =LOG!E26+AJ2 -> 3.8188086
A3: =IF(COUNTIF(B3,""),,B2) -> PTSW | B3: MEZER | C3: =IF(COUNTIF(B3,""),,IF(COUNTIF(B4,""),C2+AH3/1440+LOG!D$28,C2+AH3/1440)) -> 0.53434995 | D3: =IF(COUNTIF(B3,""),,C3) -> 0.53434995 | E3: =IF(COUNTIF(B3,""),,E2+(D3-D2)*24) -> 123.65773 | F3: =IF(COUNTIF(B3,""),,ROUND(CONVERT(Distance(VLOOKUP(A3,WAYPOINTS!A:C,2,FALSE()),VLOOKUP(A3,WAYPOINTS!A:C,3,FALSE()),VLOOKUP(B3,WAYPOINTS!A:C,2,FALSE()),VLOOKUP(B3,WAYPOINTS!A:C,3,FALSE())),"m","Nmi"),1)) -> 3.1 | G3: =IF(COUNTIF(B3,""),,MOD(Bearing(VLOOKUP(A3,WAYPOINTS!A:C,2,FALSE()),VLOOKUP(A3,WAYPOINTS!A:C,3,FALSE()),VLOOKUP(B3,WAYPOINTS!A:C,2,FALSE()),VLOOKUP(B3,WAYPOINTS!A:C,3,FALSE())),360)) -> 223.12897 | H3: =IFERROR(__xludf.DUMMYFUNCTION("IF(COUNTIF(B3,""""),,ROUND(SUBSTITUTE(IMPORTXML(""https://www.ngdc.noaa.gov/geomag-web/calculators/calculateDeclination?lat1=""&SUBSTITUTE(VLOOKUP(A3,WAYPOINTS!A:C,2,FALSE()),"","",""."")&""&lon1=""&SUBSTITUTE(VLOOKUP(A3,WAYPOINTS!A:C,3,FALSE()),"","",""."&""")&""&key=zNEw7&resultFormat=xml"",""//declination""),""."","",""),2))"),1.81) -> 1.81 | I3: 1400 | K3: =IF(COUNTIF(B3,""),,ROUND(L3+1000,-2)) -> 1500 | L3: =IF(COUNTIF(B3,""),,ROUND(CONVERT(getElevation(AVERAGE(VLOOKUP(A3,WAYPOINTS!A:C,2,FALSE()),VLOOKUP(B3,WAYPOINTS!A:C,2,FALSE())),AVERAGE(VLOOKUP(A3,WAYPOINTS!A:C,3,FALSE()),VLOOKUP(B3,WAYPOINTS!A:C,3,FALSE()))),"m","ft"),0)) -> 494 | M3: =IF(COUNTIF(B3,""),,ROUND(G3-H3,0)) -> 221 | N3: =IF(COUNTIF(B3,""),,IF(J3,J3*100,PressureAltitude(I3,T3))) -> 1127 | O3: =IF(COUNTIF(B3,""),,IF(J3,DensityAltitude(J3*100,IsaDeviation(V3,U3)),DensityAltitude(PressureAltitude(I3,T3),IsaDeviation(PressureAltitude(V3,T3),U3)))) -> 2273.8952 | P3: =IF(COUNTIF(B3,""),,IF(J3,TrueAltitude(IndicatedAltitude(J3*100,T3),IsaDeviation(V3,U3)),TrueAltitude(I3,IsaDeviation(V3,U3)))) -> 1342.88 | Q3: =IF(COUNTIF(B3,""),,3000+L3) -> 3494 | R3: =IF(COUNTIF(B3,""),,MinimalFlightLevel(Q3,T3,M3)) -> 45 | S3: =IF(COUNTIF(B3,""),,TransitionLevel(Q3,T3)) -> 35 | T3: =IF(COUNTIF(B3,""),,LOG!Q$25) -> 1023 | U3: =IF(COUNTIF(B3,""),,LOG!Q$26) -> 25 | V3: =IF(COUNTIF(B3,""),,LOG!Q$27) -> 100 | W3: =IF(COUNTIF(B3,""),,SWITCH(WindMode,"Detailed",WINTEM!F3,"Average",AverageWindSpeed,"Manual",ManualWindSpeed)) -> 15 | X3: =IF(COUNTIF(B3,""),,SWITCH(WindMode,"Detailed",WINTEM!G3,"Average",AverageWindDirection,"Manual",ManualWindDirection)) -> 336 | Y3: =IF(COUNTIF(B3,""),,Z3+0) -> 98.580692 | Z3: =IF(COUNTIF(B3,""),,IF(J3,CorrectedAirSpeed(IndicatedAltitude(J3,T3),AB3,IsaDeviation(PressureAltitude(V3,T3),U3)),CorrectedAirSpeed(I3,AB3,IsaDeviation(PressureAltitude(V3,T3),U3)))) -> 98.580692 | AA3: =IF(COUNTIF(B3,""),,LOG!W$26) -> 0.6 | AB3: =IF(COUNTIF(B3,""),,60/AA3) -> 100 | AC3: =IF(COUNTIF(B3,""),,AB3*COS(RADIANS(AD3))-(W3*COS(RADIANS(M3-X3)))) -> 105.4109 | AD3: =IF(COUNTIF(B3,""),,DEGREES(ASIN(W3/AB3*SIN(RADIANS(M3-X3))))) -> -7.8133358 | AE3: =IF(COUNTIF(B3,""),,PERFORMANCE!H54) -> 13.280135 | AF3: =IF(COUNTIF(B3,""),,MOD(M3-AD3,360)) -> 228.81334 | AG3: =IF(COUNTIF(B3,""),,F3*60/AB3) -> 1.86 | AH3: =IF(COUNTIF(B3,""),,F3*60/AC3) -> 1.7645235 | AI3: =IF(COUNTIF(B3,""),,AE3/60*AG3) -> 0.41168419 | AJ3: =IF(COUNTIF(B3,""),,AE3/60*AH3) -> 0.39055183 | AK3: =IF(COUNTIF(B3,""),,ROUND(ReqFuel(CARBURANT!G$20,CARBURANT!G$21,CARBURANT!G$22,CARBURANT!G$23,SUM(AH$2:AH3)),2)) -> 1.39 | AL3: =IF(COUNTIF(B3,""),,IF(COUNTIF(B4,""),AL2+AJ3+LOG!E$28,AL2+AJ3)) -> 4.2093605
A4: =IF(COUNTIF(B4,""),,B3) -> MEZER | B4: N12HE | C4: =IF(COUNTIF(B4,""),,IF(COUNTIF(B5,""),C3+AH4/1440+LOG!D$28,C3+AH4/1440)) -> 0.53739386 | D4: =IF(COUNTIF(B4,""),,C4) -> 0.53739386 | E4: =IF(COUNTIF(B4,""),,E3+(D4-D3)*24) -> 123.73079 | F4: =IF(COUNTIF(B4,""),,ROUND(CONVERT(Distance(VLOOKUP(A4,WAYPOINTS!A:C,2,FALSE()),VLOOKUP(A4,WAYPOINTS!A:C,3,FALSE()),VLOOKUP(B4,WAYPOINTS!A:C,2,FALSE()),VLOOKUP(B4,WAYPOINTS!A:C,3,FALSE())),"m","Nmi"),1)) -> 8.2 | G4: =IF(COUNTIF(B4,""),,MOD(Bearing(VLOOKUP(A4,WAYPOINTS!A:C,2,FALSE()),VLOOKUP(A4,WAYPOINTS!A:C,3,FALSE()),VLOOKUP(B4,WAYPOINTS!A:C,2,FALSE()),VLOOKUP(B4,WAYPOINTS!A:C,3,FALSE())),360)) -> 190.50882 | H4: =IFERROR(__xludf.DUMMYFUNCTION("IF(COUNTIF(B4,""""),,ROUND(SUBSTITUTE(IMPORTXML(""https://www.ngdc.noaa.gov/geomag-web/calculators/calculateDeclination?lat1=""&SUBSTITUTE(VLOOKUP(A4,WAYPOINTS!A:C,2,FALSE()),"","",""."")&""&lon1=""&SUBSTITUTE(VLOOKUP(A4,WAYPOINTS!A:C,3,FALSE()),"","",""."&""")&""&key=zNEw7&resultFormat=xml"",""//declination""),""."","",""),2))"),1.8) -> 1.8 | I4: 1400 | K4: =IF(COUNTIF(B4,""),,ROUND(L4+1000,-2)) -> 1400 | L4: =IF(COUNTIF(B4,""),,ROUND(CONVERT(getElevation(AVERAGE(VLOOKUP(A4,WAYPOINTS!A:C,2,FALSE()),VLOOKUP(B4,WAYPOINTS!A:C,2,FALSE())),AVERAGE(VLOOKUP(A4,WAYPOINTS!A:C,3,FALSE()),VLOOKUP(B4,WAYPOINTS!A:C,3,FALSE()))),"m","ft"),0)) -> 406 | M4: =IF(COUNTIF(B4,""),,ROUND(G4-H4,0)) -> 189 | N4: =IF(COUNTIF(B4,""),,IF(J4,J4*100,PressureAltitude(I4,T4))) -> 1127 | O4: =IF(COUNTIF(B4,""),,IF(J4,DensityAltitude(J4*100,IsaDeviation(V4,U4)),DensityAltitude(PressureAltitude(I4,T4),IsaDeviation(PressureAltitude(V4,T4),U4)))) -> 2273.8952 | P4: =IF(COUNTIF(B4,""),,IF(J4,TrueAltitude(IndicatedAltitude(J4*100,T4),IsaDeviation(V4,U4)),TrueAltitude(I4,IsaDeviation(V4,U4)))) -> 1342.88 | Q4: =IF(COUNTIF(B4,""),,3000+L4) -> 3406 | R4: =IF(COUNTIF(B4,""),,MinimalFlightLevel(Q4,T4,M4)) -> 45 | S4: =IF(COUNTIF(B4,""),,TransitionLevel(Q4,T4)) -> 35 | T4: =IF(COUNTIF(B4,""),,LOG!Q$25) -> 1023 | U4: =IF(COUNTIF(B4,""),,LOG!Q$26) -> 25 | V4: =IF(COUNTIF(B4,""),,LOG!Q$27) -> 100 | W4: =IF(COUNTIF(B4,""),,SWITCH(WindMode,"Detailed",WINTEM!F4,"Average",AverageWindSpeed,"Manual",ManualWindSpeed)) -> 15 | X4: =IF(COUNTIF(B4,""),,SWITCH(WindMode,"Detailed",WINTEM!G4,"Average",AverageWindDirection,"Manual",ManualWindDirection)) -> 336 | Y4: =IF(COUNTIF(B4,""),,Z4+0) -> 98.580692 | Z4: =IF(COUNTIF(B4,""),,IF(J4,CorrectedAirSpeed(IndicatedAltitude(J4,T4),AB4,IsaDeviation(PressureAltitude(V4,T4),U4)),CorrectedAirSpeed(I4,AB4,IsaDeviation(PressureAltitude(V4,T4),U4)))) -> 98.580692 | AA4: =IF(COUNTIF(B4,""),,LOG!W$26) -> 0.6 | AB4: =IF(COUNTIF(B4,""),,60/AA4) -> 100 | AC4: =IF(COUNTIF(B4,""),,AB4*COS(RADIANS(AD4))-(W4*COS(RADIANS(M4-X4)))) -> 112.24579 | AD4: =IF(COUNTIF(B4,""),,DEGREES(ASIN(W4/AB4*SIN(RADIANS(M4-X4))))) -> -4.6860502 | AE4: =IF(COUNTIF(B4,""),,PERFORMANCE!H55) -> 13.280135 | AF4: =IF(COUNTIF(B4,""),,MOD(M4-AD4,360)) -> 193.68605 | AG4: =IF(COUNTIF(B4,""),,F4*60/AB4) -> 4.92 | AH4: =IF(COUNTIF(B4,""),,F4*60/AC4) -> 4.3832379 | AI4: =IF(COUNTIF(B4,""),,AE4/60*AG4) -> 1.0889711 | AJ4: =IF(COUNTIF(B4,""),,AE4/60*AH4) -> 0.97016653 | AK4: =IF(COUNTIF(B4,""),,ROUND(ReqFuel(CARBURANT!G$20,CARBURANT!G$21,CARBURANT!G$22,CARBURANT!G$23,SUM(AH$2:AH4)),2)) -> 1.28 | AL4: =IF(COUNTIF(B4,""),,IF(COUNTIF(B5,""),AL3+AJ4+LOG!E$28,AL3+AJ4)) -> 5.179527
A5: =IF(COUNTIF(B5,""),,B4) -> N12HE | B5: EPR | C5: =IF(COUNTIF(B5,""),,IF(COUNTIF(B6,""),C4+AH5/1440+LOG!D$28,C4+AH5/1440)) -> 0.54132868 | D5: =IF(COUNTIF(B5,""),,C5) -> 0.54132868 | E5: =IF(COUNTIF(B5,""),,E4+(D5-D4)*24) -> 123.82522 | F5: =IF(COUNTIF(B5,""),,ROUND(CONVERT(Distance(VLOOKUP(A5,WAYPOINTS!A:C,2,FALSE()),VLOOKUP(A5,WAYPOINTS!A:C,3,FALSE()),VLOOKUP(B5,WAYPOINTS!A:C,2,FALSE()),VLOOKUP(B5,WAYPOINTS!A:C,3,FALSE())),"m","Nmi"),1)) -> 10.6 | G5: =IF(COUNTIF(B5,""),,MOD(Bearing(VLOOKUP(A5,WAYPOINTS!A:C,2,FALSE()),VLOOKUP(A5,WAYPOINTS!A:C,3,FALSE()),VLOOKUP(B5,WAYPOINTS!A:C,2,FALSE()),VLOOKUP(B5,WAYPOINTS!A:C,3,FALSE())),360)) -> 190.51401 | H5: =IFERROR(__xludf.DUMMYFUNCTION("IF(COUNTIF(B5,""""),,ROUND(SUBSTITUTE(IMPORTXML(""https://www.ngdc.noaa.gov/geomag-web/calculators/calculateDeclination?lat1=""&SUBSTITUTE(VLOOKUP(A5,WAYPOINTS!A:C,2,FALSE()),"","",""."")&""&lon1=""&SUBSTITUTE(VLOOKUP(A5,WAYPOINTS!A:C,3,FALSE()),"","",""."&""")&""&key=zNEw7&resultFormat=xml"",""//declination""),""."","",""),2))"),1.79) -> 1.79 | I5: 1400 | K5: =IF(COUNTIF(B5,""),,ROUND(L5+1000,-2)) -> 1500 | L5: =IF(COUNTIF(B5,""),,ROUND(CONVERT(getElevation(AVERAGE(VLOOKUP(A5,WAYPOINTS!A:C,2,FALSE()),VLOOKUP(B5,WAYPOINTS!A:C,2,FALSE())),AVERAGE(VLOOKUP(A5,WAYPOINTS!A:C,3,FALSE()),VLOOKUP(B5,WAYPOINTS!A:C,3,FALSE()))),"m","ft"),0)) -> 515 | M5: =IF(COUNTIF(B5,""),,ROUND(G5-H5,0)) -> 189 | N5: =IF(COUNTIF(B5,""),,IF(J5,J5*100,PressureAltitude(I5,T5))) -> 1127 | O5: =IF(COUNTIF(B5,""),,IF(J5,DensityAltitude(J5*100,IsaDeviation(V5,U5)),DensityAltitude(PressureAltitude(I5,T5),IsaDeviation(PressureAltitude(V5,T5),U5)))) -> 2273.8952 | P5: =IF(COUNTIF(B5,""),,IF(J5,TrueAltitude(IndicatedAltitude(J5*100,T5),IsaDeviation(V5,U5)),TrueAltitude(I5,IsaDeviation(V5,U5)))) -> 1342.88 | Q5: =IF(COUNTIF(B5,""),,3000+L5) -> 3515 | R5: =IF(COUNTIF(B5,""),,MinimalFlightLevel(Q5,T5,M5)) -> 45 | S5: =IF(COUNTIF(B5,""),,TransitionLevel(Q5,T5)) -> 35 | T5: =IF(COUNTIF(B5,""),,LOG!Q$25) -> 1023 | U5: =IF(COUNTIF(B5,""),,LOG!Q$26) -> 25 | V5: =IF(COUNTIF(B5,""),,LOG!Q$27) -> 100 | W5: =IF(COUNTIF(B5,""),,SWITCH(WindMode,"Detailed",WINTEM!F5,"Average",AverageWindSpeed,"Manual",ManualWindSpeed)) -> 15 | X5: =IF(COUNTIF(B5,""),,SWITCH(WindMode,"Detailed",WINTEM!G5,"Average",AverageWindDirection,"Manual",ManualWindDirection)) -> 336 | Y5: =IF(COUNTIF(B5,""),,Z5+0) -> 98.580692 | Z5: =IF(COUNTIF(B5,""),,IF(J5,CorrectedAirSpeed(IndicatedAltitude(J5,T5),AB5,IsaDeviation(PressureAltitude(V5,T5),U5)),CorrectedAirSpeed(I5,AB5,IsaDeviation(PressureAltitude(V5,T5),U5)))) -> 98.580692 | AA5: =IF(COUNTIF(B5,""),,LOG!W$26) -> 0.6 | AB5: =IF(COUNTIF(B5,""),,60/AA5) -> 100 | AC5: =IF(COUNTIF(B5,""),,AB5*COS(RADIANS(AD5))-(W5*COS(RADIANS(M5-X5)))) -> 112.24579 | AD5: =IF(COUNTIF(B5,""),,DEGREES(ASIN(W5/AB5*SIN(RADIANS(M5-X5))))) -> -4.6860502 | AE5: =IF(COUNTIF(B5,""),,PERFORMANCE!H56) -> 13.280135 | AF5: =IF(COUNTIF(B5,""),,MOD(M5-AD5,360)) -> 193.68605 | AG5: =IF(COUNTIF(B5,""),,F5*60/AB5) -> 6.36 | AH5: =IF(COUNTIF(B5,""),,F5*60/AC5) -> 5.6661368 | AI5: =IF(COUNTIF(B5,""),,AE5/60*AG5) -> 1.4076943 | AJ5: =IF(COUNTIF(B5,""),,AE5/60*AH5) -> 1.2541177 | AK5: =IF(COUNTIF(B5,""),,ROUND(ReqFuel(CARBURANT!G$20,CARBURANT!G$21,CARBURANT!G$22,CARBURANT!G$23,SUM(AH$2:AH5)),2)) -> 1.14 | AL5: =IF(COUNTIF(B5,""),,IF(COUNTIF(B6,""),AL4+AJ5+LOG!E$28,AL4+AJ5)) -> 6.4336447
A6: =IF(COUNTIF(B6,""),,B5) -> EPR | B6: LFOR | C6: =IF(COUNTIF(B6,""),,IF(COUNTIF(B7,""),C5+AH6/1440+LOG!D$28,C5+AH6/1440)) -> 0.54564907 | D6: =IF(COUNTIF(B6,""),,C6) -> 0.54564907 | E6: =IF(COUNTIF(B6,""),,E5+(D6-D5)*24) -> 123.92891 | F6: =IF(COUNTIF(B6,""),,ROUND(CONVERT(Distance(VLOOKUP(A6,WAYPOINTS!A:C,2,FALSE()),VLOOKUP(A6,WAYPOINTS!A:C,3,FALSE()),VLOOKUP(B6,WAYPOINTS!A:C,2,FALSE()),VLOOKUP(B6,WAYPOINTS!A:C,3,FALSE())),"m","Nmi"),1)) -> 11.3 | G6: =IF(COUNTIF(B6,""),,MOD(Bearing(VLOOKUP(A6,WAYPOINTS!A:C,2,FALSE()),VLOOKUP(A6,WAYPOINTS!A:C,3,FALSE()),VLOOKUP(B6,WAYPOINTS!A:C,2,FALSE()),VLOOKUP(B6,WAYPOINTS!A:C,3,FALSE())),360)) -> 207.82269 | H6: =IFERROR(__xludf.DUMMYFUNCTION("IF(COUNTIF(B6,""""),,ROUND(SUBSTITUTE(IMPORTXML(""https://www.ngdc.noaa.gov/geomag-web/calculators/calculateDeclination?lat1=""&SUBSTITUTE(VLOOKUP(A6,WAYPOINTS!A:C,2,FALSE()),"","",""."")&""&lon1=""&SUBSTITUTE(VLOOKUP(A6,WAYPOINTS!A:C,3,FALSE()),"","",""."&""")&""&key=zNEw7&resultFormat=xml"",""//declination""),""."","",""),2))"),1.79) -> 1.79 | I6: 1900 | K6: =IF(COUNTIF(B6,""),,ROUND(L6+1000,-2)) -> 1400 | L6: =IF(COUNTIF(B6,""),,ROUND(CONVERT(getElevation(AVERAGE(VLOOKUP(A6,WAYPOINTS!A:C,2,FALSE()),VLOOKUP(B6,WAYPOINTS!A:C,2,FALSE())),AVERAGE(VLOOKUP(A6,WAYPOINTS!A:C,3,FALSE()),VLOOKUP(B6,WAYPOINTS!A:C,3,FALSE()))),"m","ft"),0)) -> 382 | M6: =IF(COUNTIF(B6,""),,ROUND(G6-H6,0)) -> 206 | N6: =IF(COUNTIF(B6,""),,IF(J6,J6*100,PressureAltitude(I6,T6))) -> 1627 | O6: =IF(COUNTIF(B6,""),,IF(J6,DensityAltitude(J6*100,IsaDeviation(V6,U6)),DensityAltitude(PressureAltitude(I6,T6),IsaDeviation(PressureAltitude(V6,T6),U6)))) -> 2773.8952 | P6: =IF(COUNTIF(B6,""),,IF(J6,TrueAltitude(IndicatedAltitude(J6*100,T6),IsaDeviation(V6,U6)),TrueAltitude(I6,IsaDeviation(V6,U6)))) -> 1822.48 | Q6: =IF(COUNTIF(B6,""),,3000+L6) -> 3382 | R6: =IF(COUNTIF(B6,""),,MinimalFlightLevel(Q6,T6,M6)) -> 45 | S6: =IF(COUNTIF(B6,""),,TransitionLevel(Q6,T6)) -> 35 | T6: =IF(COUNTIF(B6,""),,LOG!Q$25) -> 1023 | U6: =IF(COUNTIF(B6,""),,LOG!Q$26) -> 25 | V6: =IF(COUNTIF(B6,""),,LOG!Q$27) -> 100 | W6: =IF(COUNTIF(B6,""),,SWITCH(WindMode,"Detailed",WINTEM!F6,"Average",AverageWindSpeed,"Manual",ManualWindSpeed)) -> 15 | X6: =IF(COUNTIF(B6,""),,SWITCH(WindMode,"Detailed",WINTEM!G6,"Average",AverageWindDirection,"Manual",ManualWindDirection)) -> 336 | Y6: =IF(COUNTIF(B6,""),,Z6+0) -> 98.080692 | Z6: =IF(COUNTIF(B6,""),,IF(J6,CorrectedAirSpeed(IndicatedAltitude(J6,T6),AB6,IsaDeviation(PressureAltitude(V6,T6),U6)),CorrectedAirSpeed(I6,AB6,IsaDeviation(PressureAltitude(V6,T6),U6)))) -> 98.080692 | AA6: =IF(COUNTIF(B6,""),,LOG!W$26) -> 0.6 | AB6: =IF(COUNTIF(B6,""),,60/AA6) -> 100 | AC6: =IF(COUNTIF(B6,""),,AB6*COS(RADIANS(AD6))-(W6*COS(RADIANS(M6-X6)))) -> 108.97944 | AD6: =IF(COUNTIF(B6,""),,DEGREES(ASIN(W6/AB6*SIN(RADIANS(M6-X6))))) -> -6.5982417 | AE6: =IF(COUNTIF(B6,""),,PERFORMANCE!H57) -> 13.280135 | AF6: =IF(COUNTIF(B6,""),,MOD(M6-AD6,360)) -> 212.59824 | AG6: =IF(COUNTIF(B6,""),,F6*60/AB6) -> 6.78 | AH6: =IF(COUNTIF(B6,""),,F6*60/AC6) -> 6.2213568 | AI6: =IF(COUNTIF(B6,""),,AE6/60*AG6) -> 1.5006553 | AJ6: =IF(COUNTIF(B6,""),,AE6/60*AH6) -> 1.3770076 | AK6: =IF(COUNTIF(B6,""),,ROUND(ReqFuel(CARBURANT!G$20,CARBURANT!G$21,CARBURANT!G$22,CARBURANT!G$23,SUM(AH$2:AH6)),2)) -> 0.59 | AL6: =IF(COUNTIF(B6,""),,IF(COUNTIF(B7,""),AL5+AJ6+LOG!E$28,AL5+AJ6)) -> 7.8106524
A7: =IF(COUNTIF(B7,""),,B6) -> LFOR | B7: LFON | C7: =IF(COUNTIF(B7,""),,IF(COUNTIF(B8,""),C6+AH7/1440+LOG!D$28,C6+AH7/1440)) -> 0.5605345 | D7: =IF(COUNTIF(B7,""),,C7) -> 0.5605345 | E7: =IF(COUNTIF(B7,""),,E6+(D7-D6)*24) -> 124.28616 | F7: =IF(COUNTIF(B7,""),,ROUND(CONVERT(Distance(VLOOKUP(A7,WAYPOINTS!A:C,2,FALSE()),VLOOKUP(A7,WAYPOINTS!A:C,3,FALSE()),VLOOKUP(B7,WAYPOINTS!A:C,2,FALSE()),VLOOKUP(B7,WAYPOINTS!A:C,3,FALSE())),"m","Nmi"),1)) -> 16.2 | G7: =IF(COUNTIF(B7,""),,MOD(Bearing(VLOOKUP(A7,WAYPOINTS!A:C,2,FALSE()),VLOOKUP(A7,WAYPOINTS!A:C,3,FALSE()),VLOOKUP(B7,WAYPOINTS!A:C,2,FALSE()),VLOOKUP(B7,WAYPOINTS!A:C,3,FALSE())),360)) -> 336.5359 | H7: =IFERROR(__xludf.DUMMYFUNCTION("IF(COUNTIF(B7,""""),,ROUND(SUBSTITUTE(IMPORTXML(""https://www.ngdc.noaa.gov/geomag-web/calculators/calculateDeclination?lat1=""&SUBSTITUTE(VLOOKUP(A7,WAYPOINTS!A:C,2,FALSE()),"","",""."")&""&lon1=""&SUBSTITUTE(VLOOKUP(A7,WAYPOINTS!A:C,3,FALSE()),"","",""."&""")&""&key=zNEw7&resultFormat=xml"",""//declination""),""."","",""),2))"),1.76) -> 1.76 | I7: 1900 | K7: =IF(COUNTIF(B7,""),,ROUND(L7+1000,-2)) -> 1500 | L7: =IF(COUNTIF(B7,""),,ROUND(CONVERT(getElevation(AVERAGE(VLOOKUP(A7,WAYPOINTS!A:C,2,FALSE()),VLOOKUP(B7,WAYPOINTS!A:C,2,FALSE())),AVERAGE(VLOOKUP(A7,WAYPOINTS!A:C,3,FALSE()),VLOOKUP(B7,WAYPOINTS!A:C,3,FALSE()))),"m","ft"),0)) -> 536 | M7: =IF(COUNTIF(B7,""),,ROUND(G7-H7,0)) -> 335 | N7: =IF(COUNTIF(B7,""),,IF(J7,J7*100,PressureAltitude(I7,T7))) -> 1627 | O7: =IF(COUNTIF(B7,""),,IF(J7,DensityAltitude(J7*100,IsaDeviation(V7,U7)),DensityAltitude(PressureAltitude(I7,T7),IsaDeviation(PressureAltitude(V7,T7),U7)))) -> 2773.8952 | P7: =IF(COUNTIF(B7,""),,IF(J7,TrueAltitude(IndicatedAltitude(J7*100,T7),IsaDeviation(V7,U7)),TrueAltitude(I7,IsaDeviation(V7,U7)))) -> 1822.48 | Q7: =IF(COUNTIF(B7,""),,3000+L7) -> 3536 | R7: =IF(COUNTIF(B7,""),,MinimalFlightLevel(Q7,T7,M7)) -> 45 | S7: =IF(COUNTIF(B7,""),,TransitionLevel(Q7,T7)) -> 35 | T7: =IF(COUNTIF(B7,""),,LOG!Q$25) -> 1023 | U7: =IF(COUNTIF(B7,""),,LOG!Q$26) -> 25 | V7: =IF(COUNTIF(B7,""),,LOG!Q$27) -> 100 | W7: =IF(COUNTIF(B7,""),,SWITCH(WindMode,"Detailed",WINTEM!F7,"Average",AverageWindSpeed,"Manual",ManualWindSpeed)) -> 15 | X7: =IF(COUNTIF(B7,""),,SWITCH(WindMode,"Detailed",WINTEM!G7,"Average",AverageWindDirection,"Manual",ManualWindDirection)) -> 336 | Y7: =IF(COUNTIF(B7,""),,Z7+0) -> 98.080692 | Z7: =IF(COUNTIF(B7,""),,IF(J7,CorrectedAirSpeed(IndicatedAltitude(J7,T7),AB7,IsaDeviation(PressureAltitude(V7,T7),U7)),CorrectedAirSpeed(I7,AB7,IsaDeviation(PressureAltitude(V7,T7),U7)))) -> 98.080692 | AA7: =IF(COUNTIF(B7,""),,LOG!W$26) -> 0.6 | AB7: =IF(COUNTIF(B7,""),,60/AA7) -> 100 | AC7: =IF(COUNTIF(B7,""),,AB7*COS(RADIANS(AD7))-(W7*COS(RADIANS(M7-X7)))) -> 85.001942 | AD7: =IF(COUNTIF(B7,""),,DEGREES(ASIN(W7/AB7*SIN(RADIANS(M7-X7))))) -> -0.14999256 | AE7: =IF(COUNTIF(B7,""),,PERFORMANCE!H58) -> 13.280135 | AF7: =IF(COUNTIF(B7,""),,MOD(M7-AD7,360)) -> 335.14999 | AG7: =IF(COUNTIF(B7,""),,F7*60/AB7) -> 9.72 | AH7: =IF(COUNTIF(B7,""),,F7*60/AC7) -> 11.435033 | AI7: =IF(COUNTIF(B7,""),,AE7/60*AG7) -> 2.1513819 | AJ7: =IF(COUNTIF(B7,""),,AE7/60*AH7) -> 2.5309797 | AK7: =IF(COUNTIF(B7,""),,ROUND(ReqFuel(CARBURANT!G$20,CARBURANT!G$21,CARBURANT!G$22,CARBURANT!G$23,SUM(AH$2:AH7)),2)) -> 0.3 | AL7: =IF(COUNTIF(B7,""),,IF(COUNTIF(B8,""),AL6+AJ7+LOG!E$28,AL6+AJ7)) -> 13.341632
A8: =IF(COUNTIF(B8,""),,B7) | C8: =IF(COUNTIF(B8,""),,IF(COUNTIF(B9,""),C7+AH8/1440+LOG!D$28,C7+AH8/1440)) | D8: =IF(COUNTIF(B8,""),,C8) | E8: =IF(COUNTIF(B8,""),,E7+(D8-D7)*24) | F8: =IF(COUNTIF(B8,""),,ROUND(CONVERT(Distance(VLOOKUP(A8,WAYPOINTS!A:C,2,FALSE()),VLOOKUP(A8,WAYPOINTS!A:C,3,FALSE()),VLOOKUP(B8,WAYPOINTS!A:C,2,FALSE()),VLOOKUP(B8,WAYPOINTS!A:C,3,FALSE())),"m","Nmi"),1)) | G8: =IF(COUNTIF(B8,""),,MOD(Bearing(VLOOKUP(A8,WAYPOINTS!A:C,2,FALSE()),VLOOKUP(A8,WAYPOINTS!A:C,3,FALSE()),VLOOKUP(B8,WAYPOINTS!A:C,2,FALSE()),VLOOKUP(B8,WAYPOINTS!A:C,3,FALSE())),360)) | H8: =IFERROR(__xludf.DUMMYFUNCTION("IF(COUNTIF(B8,""""),,ROUND(SUBSTITUTE(IMPORTXML(""https://www.ngdc.noaa.gov/geomag-web/calculators/calculateDeclination?lat1=""&SUBSTITUTE(VLOOKUP(A8,WAYPOINTS!A:C,2,FALSE()),"","",""."")&""&lon1=""&SUBSTITUTE(VLOOKUP(A8,WAYPOINTS!A:C,3,FALSE()),"","",""."&""")&""&key=zNEw7&resultFormat=xml"",""//declination""),""."","",""),2))"),"") | K8: =IF(COUNTIF(B8,""),,ROUND(L8+1000,-2)) | L8: =IF(COUNTIF(B8,""),,ROUND(CONVERT(getElevation(AVERAGE(VLOOKUP(A8,WAYPOINTS!A:C,2,FALSE()),VLOOKUP(B8,WAYPOINTS!A:C,2,FALSE())),AVERAGE(VLOOKUP(A8,WAYPOINTS!A:C,3,FALSE()),VLOOKUP(B8,WAYPOINTS!A:C,3,FALSE()))),"m","ft"),0)) | M8: =IF(COUNTIF(B8,""),,ROUND(G8-H8,0)) | N8: =IF(COUNTIF(B8,""),,IF(J8,J8*100,PressureAltitude(I8,T8))) | O8: =IF(COUNTIF(B8,""),,IF(J8,DensityAltitude(J8*100,IsaDeviation(V8,U8)),DensityAltitude(PressureAltitude(I8,T8),IsaDeviation(PressureAltitude(V8,T8),U8)))) | P8: =IF(COUNTIF(B8,""),,IF(J8,TrueAltitude(IndicatedAltitude(J8*100,T8),IsaDeviation(V8,U8)),TrueAltitude(I8,IsaDeviation(V8,U8)))) | Q8: =IF(COUNTIF(B8,""),,3000+L8) | R8: =IF(COUNTIF(B8,""),,MinimalFlightLevel(Q8,T8,M8)) | S8: =IF(COUNTIF(B8,""),,TransitionLevel(Q8,T8)) | T8: =IF(COUNTIF(B8,""),,LOG!Q$25) | U8: =IF(COUNTIF(B8,""),,LOG!Q$26) | V8: =IF(COUNTIF(B8,""),,LOG!Q$27) | W8: =IF(COUNTIF(B8,""),,SWITCH(WindMode,"Detailed",WINTEM!F8,"Average",AverageWindSpeed,"Manual",ManualWindSpeed)) | X8: =IF(COUNTIF(B8,""),,SWITCH(WindMode,"Detailed",WINTEM!G8,"Average",AverageWindDirection,"Manual",ManualWindDirection)) | Y8: =IF(COUNTIF(B8,""),,Z8+0) | Z8: =IF(COUNTIF(B8,""),,IF(J8,CorrectedAirSpeed(IndicatedAltitude(J8,T8),AB8,IsaDeviation(PressureAltitude(V8,T8),U8)),CorrectedAirSpeed(I8,AB8,IsaDeviation(PressureAltitude(V8,T8),U8)))) | AA8: =IF(COUNTIF(B8,""),,LOG!W$26) | AB8: =IF(COUNTIF(B8,""),,60/AA8) | AC8: =IF(COUNTIF(B8,""),,AB8*COS(RADIANS(AD8))-(W8*COS(RADIANS(M8-X8)))) | AD8: =IF(COUNTIF(B8,""),,DEGREES(ASIN(W8/AB8*SIN(RADIANS(M8-X8))))) | AE8: =IF(COUNTIF(B8,""),,PERFORMANCE!H59) | AF8: =IF(COUNTIF(B8,""),,MOD(M8-AD8,360)) | AG8: =IF(COUNTIF(B8,""),,F8*60/AB8) | AH8: =IF(COUNTIF(B8,""),,F8*60/AC8) | AI8: =IF(COUNTIF(B8,""),,AE8/60*AG8) | AJ8: =IF(COUNTIF(B8,""),,AE8/60*AH8) | AK8: =IF(COUNTIF(B8,""),,ROUND(ReqFuel(CARBURANT!G$20,CARBURANT!G$21,CARBURANT!G$22,CARBURANT!G$23,SUM(AH$2:AH8)),2)) | AL8: =IF(COUNTIF(B8,""),,IF(COUNTIF(B9,""),AL7+AJ8+LOG!E$28,AL7+AJ8))
A9: =IF(COUNTIF(B9,""),,B8) | C9: =IF(COUNTIF(B9,""),,IF(COUNTIF(B10,""),C8+AH9/1440+LOG!D$28,C8+AH9/1440)) | D9: =IF(COUNTIF(B9,""),,C9) | E9: =IF(COUNTIF(B9,""),,E8+(D9-D8)*24) | F9: =IF(COUNTIF(B9,""),,ROUND(CONVERT(Distance(VLOOKUP(A9,WAYPOINTS!A:C,2,FALSE()),VLOOKUP(A9,WAYPOINTS!A:C,3,FALSE()),VLOOKUP(B9,WAYPOINTS!A:C,2,FALSE()),VLOOKUP(B9,WAYPOINTS!A:C,3,FALSE())),"m","Nmi"),1)) | G9: =IF(COUNTIF(B9,""),,MOD(Bearing(VLOOKUP(A9,WAYPOINTS!A:C,2,FALSE()),VLOOKUP(A9,WAYPOINTS!A:C,3,FALSE()),VLOOKUP(B9,WAYPOINTS!A:C,2,FALSE()),VLOOKUP(B9,WAYPOINTS!A:C,3,FALSE())),360)) | H9: =IFERROR(__xludf.DUMMYFUNCTION("IF(COUNTIF(B9,""""),,ROUND(SUBSTITUTE(IMPORTXML(""https://www.ngdc.noaa.gov/geomag-web/calculators/calculateDeclination?lat1=""&SUBSTITUTE(VLOOKUP(A9,WAYPOINTS!A:C,2,FALSE()),"","",""."")&""&lon1=""&SUBSTITUTE(VLOOKUP(A9,WAYPOINTS!A:C,3,FALSE()),"","",""."&""")&""&key=zNEw7&resultFormat=xml"",""//declination""),""."","",""),2))"),"") | K9: =IF(COUNTIF(B9,""),,ROUND(L9+1000,-2)) | L9: =IF(COUNTIF(B9,""),,ROUND(CONVERT(getElevation(AVERAGE(VLOOKUP(A9,WAYPOINTS!A:C,2,FALSE()),VLOOKUP(B9,WAYPOINTS!A:C,2,FALSE())),AVERAGE(VLOOKUP(A9,WAYPOINTS!A:C,3,FALSE()),VLOOKUP(B9,WAYPOINTS!A:C,3,FALSE()))),"m","ft"),0)) | M9: =IF(COUNTIF(B9,""),,ROUND(G9-H9,0)) | N9: =IF(COUNTIF(B9,""),,IF(J9,J9*100,PressureAltitude(I9,T9))) | O9: =IF(COUNTIF(B9,""),,IF(J9,DensityAltitude(J9*100,IsaDeviation(V9,U9)),DensityAltitude(PressureAltitude(I9,T9),IsaDeviation(PressureAltitude(V9,T9),U9)))) | P9: =IF(COUNTIF(B9,""),,IF(J9,TrueAltitude(IndicatedAltitude(J9*100,T9),IsaDeviation(V9,U9)),TrueAltitude(I9,IsaDeviation(V9,U9)))) | Q9: =IF(COUNTIF(B9,""),,3000+L9) | R9: =IF(COUNTIF(B9,""),,MinimalFlightLevel(Q9,T9,M9)) | S9: =IF(COUNTIF(B9,""),,TransitionLevel(Q9,T9)) | T9: =IF(COUNTIF(B9,""),,LOG!Q$25) | U9: =IF(COUNTIF(B9,""),,LOG!Q$26) | V9: =IF(COUNTIF(B9,""),,LOG!Q$27) | W9: =IF(COUNTIF(B9,""),,SWITCH(WindMode,"Detailed",WINTEM!F9,"Average",AverageWindSpeed,"Manual",ManualWindSpeed)) | X9: =IF(COUNTIF(B9,""),,SWITCH(WindMode,"Detailed",WINTEM!G9,"Average",AverageWindDirection,"Manual",ManualWindDirection)) | Y9: =IF(COUNTIF(B9,""),,Z9+0) | Z9: =IF(COUNTIF(B9,""),,IF(J9,CorrectedAirSpeed(IndicatedAltitude(J9,T9),AB9,IsaDeviation(PressureAltitude(V9,T9),U9)),CorrectedAirSpeed(I9,AB9,IsaDeviation(PressureAltitude(V9,T9),U9)))) | AA9: =IF(COUNTIF(B9,""),,LOG!W$26) | AB9: =IF(COUNTIF(B9,""),,60/AA9) | AC9: =IF(COUNTIF(B9,""),,AB9*COS(RADIANS(AD9))-(W9*COS(RADIANS(M9-X9)))) | AD9: =IF(COUNTIF(B9,""),,DEGREES(ASIN(W9/AB9*SIN(RADIANS(M9-X9))))) | AE9: =IF(COUNTIF(B9,""),,PERFORMANCE!H60) | AF9: =IF(COUNTIF(B9,""),,MOD(M9-AD9,360)) | AG9: =IF(COUNTIF(B9,""),,F9*60/AB9) | AH9: =IF(COUNTIF(B9,""),,F9*60/AC9) | AI9: =IF(COUNTIF(B9,""),,AE9/60*AG9) | AJ9: =IF(COUNTIF(B9,""),,AE9/60*AH9) | AK9: =IF(COUNTIF(B9,""),,ROUND(ReqFuel(CARBURANT!G$20,CARBURANT!G$21,CARBURANT!G$22,CARBURANT!G$23,SUM(AH$2:AH9)),2)) | AL9: =IF(COUNTIF(B9,""),,IF(COUNTIF(B10,""),AL8+AJ9+LOG!E$28,AL8+AJ9))
A10: =IF(COUNTIF(B10,""),,B9) | C10: =IF(COUNTIF(B10,""),,IF(COUNTIF(B11,""),C9+AH10/1440+LOG!D$28,C9+AH10/1440)) | D10: =IF(COUNTIF(B10,""),,C10) | E10: =IF(COUNTIF(B10,""),,E9+(D10-D9)*24) | F10: =IF(COUNTIF(B10,""),,ROUND(CONVERT(Distance(VLOOKUP(A10,WAYPOINTS!A:C,2,FALSE()),VLOOKUP(A10,WAYPOINTS!A:C,3,FALSE()),VLOOKUP(B10,WAYPOINTS!A:C,2,FALSE()),VLOOKUP(B10,WAYPOINTS!A:C,3,FALSE())),"m","Nmi"),1)) | G10: =IF(COUNTIF(B10,""),,MOD(Bearing(VLOOKUP(A10,WAYPOINTS!A:C,2,FALSE()),VLOOKUP(A10,WAYPOINTS!A:C,3,FALSE()),VLOOKUP(B10,WAYPOINTS!A:C,2,FALSE()),VLOOKUP(B10,WAYPOINTS!A:C,3,FALSE())),360)) | H10: =IFERROR(__xludf.DUMMYFUNCTION("IF(COUNTIF(B10,""""),,ROUND(SUBSTITUTE(IMPORTXML(""https://www.ngdc.noaa.gov/geomag-web/calculators/calculateDeclination?lat1=""&SUBSTITUTE(VLOOKUP(A10,WAYPOINTS!A:C,2,FALSE()),"","",""."")&""&lon1=""&SUBSTITUTE(VLOOKUP(A10,WAYPOINTS!A:C,3,FALSE()),"","","&"""."")&""&key=zNEw7&resultFormat=xml"",""//declination""),""."","",""),2))"),"") | K10: =IF(COUNTIF(B10,""),,ROUND(L10+1000,-2)) | L10: =IF(COUNTIF(B10,""),,ROUND(CONVERT(getElevation(AVERAGE(VLOOKUP(A10,WAYPOINTS!A:C,2,FALSE()),VLOOKUP(B10,WAYPOINTS!A:C,2,FALSE())),AVERAGE(VLOOKUP(A10,WAYPOINTS!A:C,3,FALSE()),VLOOKUP(B10,WAYPOINTS!A:C,3,FALSE()))),"m","ft"),0)) | M10: =IF(COUNTIF(B10,""),,ROUND(G10-H10,0)) | N10: =IF(COUNTIF(B10,""),,IF(J10,J10*100,PressureAltitude(I10,T10))) | O10: =IF(COUNTIF(B10,""),,IF(J10,DensityAltitude(J10*100,IsaDeviation(V10,U10)),DensityAltitude(PressureAltitude(I10,T10),IsaDeviation(PressureAltitude(V10,T10),U10)))) | P10: =IF(COUNTIF(B10,""),,IF(J10,TrueAltitude(IndicatedAltitude(J10*100,T10),IsaDeviation(V10,U10)),TrueAltitude(I10,IsaDeviation(V10,U10)))) | Q10: =IF(COUNTIF(B10,""),,3000+L10) | R10: =IF(COUNTIF(B10,""),,MinimalFlightLevel(Q10,T10,M10)) | S10: =IF(COUNTIF(B10,""),,TransitionLevel(Q10,T10)) | T10: =IF(COUNTIF(B10,""),,LOG!Q$25) | U10: =IF(COUNTIF(B10,""),,LOG!Q$26) | V10: =IF(COUNTIF(B10,""),,LOG!Q$27) | W10: =IF(COUNTIF(B10,""),,SWITCH(WindMode,"Detailed",WINTEM!F10,"Average",AverageWindSpeed,"Manual",ManualWindSpeed)) | X10: =IF(COUNTIF(B10,""),,SWITCH(WindMode,"Detailed",WINTEM!G10,"Average",AverageWindDirection,"Manual",ManualWindDirection)) | Y10: =IF(COUNTIF(B10,""),,Z10+0) | Z10: =IF(COUNTIF(B10,""),,IF(J10,CorrectedAirSpeed(IndicatedAltitude(J10,T10),AB10,IsaDeviation(PressureAltitude(V10,T10),U10)),CorrectedAirSpeed(I10,AB10,IsaDeviation(PressureAltitude(V10,T10),U10)))) | AA10: =IF(COUNTIF(B10,""),,LOG!W$26) | AB10: =IF(COUNTIF(B10,""),,60/AA10) | AC10: =IF(COUNTIF(B10,""),,AB10*COS(RADIANS(AD10))-(W10*COS(RADIANS(M10-X10)))) | AD10: =IF(COUNTIF(B10,""),,DEGREES(ASIN(W10/AB10*SIN(RADIANS(M10-X10))))) | AE10: =IF(COUNTIF(B10,""),,PERFORMANCE!H61) | AF10: =IF(COUNTIF(B10,""),,MOD(M10-AD10,360)) | AG10: =IF(COUNTIF(B10,""),,F10*60/AB10) | AH10: =IF(COUNTIF(B10,""),,F10*60/AC10) | AI10: =IF(COUNTIF(B10,""),,AE10/60*AG10) | AJ10: =IF(COUNTIF(B10,""),,AE10/60*AH10) | AK10: =IF(COUNTIF(B10,""),,ROUND(ReqFuel(CARBURANT!G$20,CARBURANT!G$21,CARBURANT!G$22,CARBURANT!G$23,SUM(AH$2:AH10)),2)) | AL10: =IF(COUNTIF(B10,""),,IF(COUNTIF(B11,""),AL9+AJ10+LOG!E$28,AL9+AJ10))
A11: =IF(COUNTIF(B11,""),,B10) | C11: =IF(COUNTIF(B11,""),,IF(COUNTIF(B12,""),C10+AH11/1440+LOG!D$28,C10+AH11/1440)) | D11: =IF(COUNTIF(B11,""),,C11) | E11: =IF(COUNTIF(B11,""),,E10+(D11-D10)*24) | F11: =IF(COUNTIF(B11,""),,ROUND(CONVERT(Distance(VLOOKUP(A11,WAYPOINTS!A:C,2,FALSE()),VLOOKUP(A11,WAYPOINTS!A:C,3,FALSE()),VLOOKUP(B11,WAYPOINTS!A:C,2,FALSE()),VLOOKUP(B11,WAYPOINTS!A:C,3,FALSE())),"m","Nmi"),1)) | G11: =IF(COUNTIF(B11,""),,MOD(Bearing(VLOOKUP(A11,WAYPOINTS!A:C,2,FALSE()),VLOOKUP(A11,WAYPOINTS!A:C,3,FALSE()),VLOOKUP(B11,WAYPOINTS!A:C,2,FALSE()),VLOOKUP(B11,WAYPOINTS!A:C,3,FALSE())),360)) | H11: =IFERROR(__xludf.DUMMYFUNCTION("IF(COUNTIF(B11,""""),,ROUND(SUBSTITUTE(IMPORTXML(""https://www.ngdc.noaa.gov/geomag-web/calculators/calculateDeclination?lat1=""&SUBSTITUTE(VLOOKUP(A11,WAYPOINTS!A:C,2,FALSE()),"","",""."")&""&lon1=""&SUBSTITUTE(VLOOKUP(A11,WAYPOINTS!A:C,3,FALSE()),"","","&"""."")&""&key=zNEw7&resultFormat=xml"",""//declination""),""."","",""),2))"),"") | K11: =IF(COUNTIF(B11,""),,ROUND(L11+1000,-2)) | L11: =IF(COUNTIF(B11,""),,ROUND(CONVERT(getElevation(AVERAGE(VLOOKUP(A11,WAYPOINTS!A:C,2,FALSE()),VLOOKUP(B11,WAYPOINTS!A:C,2,FALSE())),AVERAGE(VLOOKUP(A11,WAYPOINTS!A:C,3,FALSE()),VLOOKUP(B11,WAYPOINTS!A:C,3,FALSE()))),"m","ft"),0)) | M11: =IF(COUNTIF(B11,""),,ROUND(G11-H11,0)) | N11: =IF(COUNTIF(B11,""),,IF(J11,J11*100,PressureAltitude(I11,T11))) | O11: =IF(COUNTIF(B11,""),,IF(J11,DensityAltitude(J11*100,IsaDeviation(V11,U11)),DensityAltitude(PressureAltitude(I11,T11),IsaDeviation(PressureAltitude(V11,T11),U11)))) | P11: =IF(COUNTIF(B11,""),,IF(J11,TrueAltitude(IndicatedAltitude(J11*100,T11),IsaDeviation(V11,U11)),TrueAltitude(I11,IsaDeviation(V11,U11)))) | Q11: =IF(COUNTIF(B11,""),,3000+L11) | R11: =IF(COUNTIF(B11,""),,MinimalFlightLevel(Q11,T11,M11)) | S11: =IF(COUNTIF(B11,""),,TransitionLevel(Q11,T11)) | T11: =IF(COUNTIF(B11,""),,LOG!Q$25) | U11: =IF(COUNTIF(B11,""),,LOG!Q$26) | V11: =IF(COUNTIF(B11,""),,LOG!Q$27) | W11: =IF(COUNTIF(B11,""),,SWITCH(WindMode,"Detailed",WINTEM!F11,"Average",AverageWindSpeed,"Manual",ManualWindSpeed)) | X11: =IF(COUNTIF(B11,""),,SWITCH(WindMode,"Detailed",WINTEM!G11,"Average",AverageWindDirection,"Manual",ManualWindDirection)) | Y11: =IF(COUNTIF(B11,""),,Z11+0) | Z11: =IF(COUNTIF(B11,""),,IF(J11,CorrectedAirSpeed(IndicatedAltitude(J11,T11),AB11,IsaDeviation(PressureAltitude(V11,T11),U11)),CorrectedAirSpeed(I11,AB11,IsaDeviation(PressureAltitude(V11,T11),U11)))) | AA11: =IF(COUNTIF(B11,""),,LOG!W$26) | AB11: =IF(COUNTIF(B11,""),,60/AA11) | AC11: =IF(COUNTIF(B11,""),,AB11*COS(RADIANS(AD11))-(W11*COS(RADIANS(M11-X11)))) | AD11: =IF(COUNTIF(B11,""),,DEGREES(ASIN(W11/AB11*SIN(RADIANS(M11-X11))))) | AE11: =IF(COUNTIF(B11,""),,PERFORMANCE!H62) | AF11: =IF(COUNTIF(B11,""),,MOD(M11-AD11,360)) | AG11: =IF(COUNTIF(B11,""),,F11*60/AB11) | AH11: =IF(COUNTIF(B11,""),,F11*60/AC11) | AI11: =IF(COUNTIF(B11,""),,AE11/60*AG11) | AJ11: =IF(COUNTIF(B11,""),,AE11/60*AH11) | AK11: =IF(COUNTIF(B11,""),,ROUND(ReqFuel(CARBURANT!G$20,CARBURANT!G$21,CARBURANT!G$22,CARBURANT!G$23,SUM(AH$2:AH11)),2)) | AL11: =IF(COUNTIF(B11,""),,IF(COUNTIF(B12,""),AL10+AJ11+LOG!E$28,AL10+AJ11))
A12: =IF(COUNTIF(B12,""),,B11) | C12: =IF(COUNTIF(B12,""),,IF(COUNTIF(B13,""),C11+AH12/1440+LOG!D$28,C11+AH12/1440)) | D12: =IF(COUNTIF(B12,""),,C12) | E12: =IF(COUNTIF(B12,""),,E11+(D12-D11)*24) | F12: =IF(COUNTIF(B12,""),,ROUND(CONVERT(Distance(VLOOKUP(A12,WAYPOINTS!A:C,2,FALSE()),VLOOKUP(A12,WAYPOINTS!A:C,3,FALSE()),VLOOKUP(B12,WAYPOINTS!A:C,2,FALSE()),VLOOKUP(B12,WAYPOINTS!A:C,3,FALSE())),"m","Nmi"),1)) | G12: =IF(COUNTIF(B12,""),,MOD(Bearing(VLOOKUP(A12,WAYPOINTS!A:C,2,FALSE()),VLOOKUP(A12,WAYPOINTS!A:C,3,FALSE()),VLOOKUP(B12,WAYPOINTS!A:C,2,FALSE()),VLOOKUP(B12,WAYPOINTS!A:C,3,FALSE())),360)) | H12: =IFERROR(__xludf.DUMMYFUNCTION("IF(COUNTIF(B12,""""),,ROUND(SUBSTITUTE(IMPORTXML(""https://www.ngdc.noaa.gov/geomag-web/calculators/calculateDeclination?lat1=""&SUBSTITUTE(VLOOKUP(A12,WAYPOINTS!A:C,2,FALSE()),"","",""."")&""&lon1=""&SUBSTITUTE(VLOOKUP(A12,WAYPOINTS!A:C,3,FALSE()),"","","&"""."")&""&key=zNEw7&resultFormat=xml"",""//declination""),""."","",""),2))"),"") | K12: =IF(COUNTIF(B12,""),,ROUND(L12+1000,-2)) | L12: =IF(COUNTIF(B12,""),,ROUND(CONVERT(getElevation(AVERAGE(VLOOKUP(A12,WAYPOINTS!A:C,2,FALSE()),VLOOKUP(B12,WAYPOINTS!A:C,2,FALSE())),AVERAGE(VLOOKUP(A12,WAYPOINTS!A:C,3,FALSE()),VLOOKUP(B12,WAYPOINTS!A:C,3,FALSE()))),"m","ft"),0)) | M12: =IF(COUNTIF(B12,""),,ROUND(G12-H12,0)) | N12: =IF(COUNTIF(B12,""),,IF(J12,J12*100,PressureAltitude(I12,T12))) | O12: =IF(COUNTIF(B12,""),,IF(J12,DensityAltitude(J12*100,IsaDeviation(V12,U12)),DensityAltitude(PressureAltitude(I12,T12),IsaDeviation(PressureAltitude(V12,T12),U12)))) | P12: =IF(COUNTIF(B12,""),,IF(J12,TrueAltitude(IndicatedAltitude(J12*100,T12),IsaDeviation(V12,U12)),TrueAltitude(I12,IsaDeviation(V12,U12)))) | Q12: =IF(COUNTIF(B12,""),,3000+L12) | R12: =IF(COUNTIF(B12,""),,MinimalFlightLevel(Q12,T12,M12)) | S12: =IF(COUNTIF(B12,""),,TransitionLevel(Q12,T12)) | T12: =IF(COUNTIF(B12,""),,LOG!Q$25) | U12: =IF(COUNTIF(B12,""),,LOG!Q$26) | V12: =IF(COUNTIF(B12,""),,LOG!Q$27) | W12: =IF(COUNTIF(B12,""),,SWITCH(WindMode,"Detailed",WINTEM!F12,"Average",AverageWindSpeed,"Manual",ManualWindSpeed)) | X12: =IF(COUNTIF(B12,""),,SWITCH(WindMode,"Detailed",WINTEM!G12,"Average",AverageWindDirection,"Manual",ManualWindDirection)) | Y12: =IF(COUNTIF(B12,""),,Z12+0) | Z12: =IF(COUNTIF(B12,""),,IF(J12,CorrectedAirSpeed(IndicatedAltitude(J12,T12),AB12,IsaDeviation(PressureAltitude(V12,T12),U12)),CorrectedAirSpeed(I12,AB12,IsaDeviation(PressureAltitude(V12,T12),U12)))) | AA12: =IF(COUNTIF(B12,""),,LOG!W$26) | AB12: =IF(COUNTIF(B12,""),,60/AA12) | AC12: =IF(COUNTIF(B12,""),,AB12*COS(RADIANS(AD12))-(W12*COS(RADIANS(M12-X12)))) | AD12: =IF(COUNTIF(B12,""),,DEGREES(ASIN(W12/AB12*SIN(RADIANS(M12-X12))))) | AE12: =IF(COUNTIF(B12,""),,PERFORMANCE!H63) | AF12: =IF(COUNTIF(B12,""),,MOD(M12-AD12,360)) | AG12: =IF(COUNTIF(B12,""),,F12*60/AB12) | AH12: =IF(COUNTIF(B12,""),,F12*60/AC12) | AI12: =IF(COUNTIF(B12,""),,AE12/60*AG12) | AJ12: =IF(COUNTIF(B12,""),,AE12/60*AH12) | AK12: =IF(COUNTIF(B12,""),,ROUND(ReqFuel(CARBURANT!G$20,CARBURANT!G$21,CARBURANT!G$22,CARBURANT!G$23,SUM(AH$2:AH12)),2)) | AL12: =IF(COUNTIF(B12,""),,IF(COUNTIF(B13,""),AL11+AJ12+LOG!E$28,AL11+AJ12))
A13: =IF(COUNTIF(B13,""),,B12) | C13: =IF(COUNTIF(B13,""),,IF(COUNTIF(B14,""),C12+AH13/1440+LOG!D$28,C12+AH13/1440)) | D13: =IF(COUNTIF(B13,""),,C13) | E13: =IF(COUNTIF(B13,""),,E12+(D13-D12)*24) | F13: =IF(COUNTIF(B13,""),,ROUND(CONVERT(Distance(VLOOKUP(A13,WAYPOINTS!A:C,2,FALSE()),VLOOKUP(A13,WAYPOINTS!A:C,3,FALSE()),VLOOKUP(B13,WAYPOINTS!A:C,2,FALSE()),VLOOKUP(B13,WAYPOINTS!A:C,3,FALSE())),"m","Nmi"),1)) | G13: =IF(COUNTIF(B13,""),,MOD(Bearing(VLOOKUP(A13,WAYPOINTS!A:C,2,FALSE()),VLOOKUP(A13,WAYPOINTS!A:C,3,FALSE()),VLOOKUP(B13,WAYPOINTS!A:C,2,FALSE()),VLOOKUP(B13,WAYPOINTS!A:C,3,FALSE())),360)) | H13: =IFERROR(__xludf.DUMMYFUNCTION("IF(COUNTIF(B13,""""),,ROUND(SUBSTITUTE(IMPORTXML(""https://www.ngdc.noaa.gov/geomag-web/calculators/calculateDeclination?lat1=""&SUBSTITUTE(VLOOKUP(A13,WAYPOINTS!A:C,2,FALSE()),"","",""."")&""&lon1=""&SUBSTITUTE(VLOOKUP(A13,WAYPOINTS!A:C,3,FALSE()),"","","&"""."")&""&key=zNEw7&resultFormat=xml"",""//declination""),""."","",""),2))"),"") | K13: =IF(COUNTIF(B13,""),,ROUND(L13+1000,-2)) | L13: =IF(COUNTIF(B13,""),,ROUND(CONVERT(getElevation(AVERAGE(VLOOKUP(A13,WAYPOINTS!A:C,2,FALSE()),VLOOKUP(B13,WAYPOINTS!A:C,2,FALSE())),AVERAGE(VLOOKUP(A13,WAYPOINTS!A:C,3,FALSE()),VLOOKUP(B13,WAYPOINTS!A:C,3,FALSE()))),"m","ft"),0)) | M13: =IF(COUNTIF(B13,""),,G13-H13) | N13: =IF(COUNTIF(B13,""),,IF(J13,J13*100,PressureAltitude(I13,T13))) | O13: =IF(COUNTIF(B13,""),,IF(J13,DensityAltitude(J13*100,IsaDeviation(V13,U13)),DensityAltitude(PressureAltitude(I13,T13),IsaDeviation(PressureAltitude(V13,T13),U13)))) | P13: =IF(COUNTIF(B13,""),,IF(J13,TrueAltitude(IndicatedAltitude(J13*100,T13),IsaDeviation(V13,U13)),TrueAltitude(I13,IsaDeviation(V13,U13)))) | Q13: =IF(COUNTIF(B13,""),,3000+L13) | R13: =IF(COUNTIF(B13,""),,MinimalFlightLevel(Q13,T13,M13)) | S13: =IF(COUNTIF(B13,""),,TransitionLevel(Q13,T13)) | T13: =IF(COUNTIF(B13,""),,LOG!Q$25) | U13: =IF(COUNTIF(B13,""),,LOG!Q$26) | V13: =IF(COUNTIF(B13,""),,LOG!Q$27) | W13: =IF(COUNTIF(B13,""),,SWITCH(WindMode,"Detailed",WINTEM!F13,"Average",AverageWindSpeed,"Manual",ManualWindSpeed)) | X13: =IF(COUNTIF(B13,""),,SWITCH(WindMode,"Detailed",WINTEM!G13,"Average",AverageWindDirection,"Manual",ManualWindDirection)) | Y13: =IF(COUNTIF(B13,""),,Z13+0) | Z13: =IF(COUNTIF(B13,""),,IF(J13,CorrectedAirSpeed(IndicatedAltitude(J13,T13),AB13,IsaDeviation(PressureAltitude(V13,T13),U13)),CorrectedAirSpeed(I13,AB13,IsaDeviation(PressureAltitude(V13,T13),U13)))) | AA13: =IF(COUNTIF(B13,""),,LOG!W$26) | AB13: =IF(COUNTIF(B13,""),,60/AA13) | AC13: =IF(COUNTIF(B13,""),,AB13*COS(RADIANS(AD13))-(W13*COS(RADIANS(M13-X13)))) | AD13: =IF(COUNTIF(B13,""),,DEGREES(ASIN(W13/AB13*SIN(RADIANS(M13-X13))))) | AE13: =IF(COUNTIF(B13,""),,PERFORMANCE!H64) | AF13: =IF(COUNTIF(B13,""),,MOD(M13-AD13,360)) | AG13: =IF(COUNTIF(B13,""),,F13*60/AB13) | AH13: =IF(COUNTIF(B13,""),,F13*60/AC13) | AI13: =IF(COUNTIF(B13,""),,AE13/60*AG13) | AJ13: =IF(COUNTIF(B13,""),,AE13/60*AH13) | AK13: =IF(COUNTIF(B13,""),,ROUND(ReqFuel(CARBURANT!G$20,CARBURANT!G$21,CARBURANT!G$22,CARBURANT!G$23,SUM(AH$2:AH13)),2)) | AL13: =IF(COUNTIF(B13,""),,IF(COUNTIF(B14,""),AL12+AJ13+LOG!E$28,AL12+AJ13))
A14: =IF(COUNTIF(B14,""),,B13) | C14: =IF(COUNTIF(B14,""),,IF(COUNTIF(B15,""),C13+AH14/1440+LOG!D$28,C13+AH14/1440)) | D14: =IF(COUNTIF(B14,""),,C14) | E14: =IF(COUNTIF(B14,""),,E13+(D14-D13)*24) | F14: =IF(COUNTIF(B14,""),,ROUND(CONVERT(Distance(VLOOKUP(A14,WAYPOINTS!A:C,2,FALSE()),VLOOKUP(A14,WAYPOINTS!A:C,3,FALSE()),VLOOKUP(B14,WAYPOINTS!A:C,2,FALSE()),VLOOKUP(B14,WAYPOINTS!A:C,3,FALSE())),"m","Nmi"),1)) | G14: =IF(COUNTIF(B14,""),,MOD(Bearing(VLOOKUP(A14,WAYPOINTS!A:C,2,FALSE()),VLOOKUP(A14,WAYPOINTS!A:C,3,FALSE()),VLOOKUP(B14,WAYPOINTS!A:C,2,FALSE()),VLOOKUP(B14,WAYPOINTS!A:C,3,FALSE())),360)) | H14: =IFERROR(__xludf.DUMMYFUNCTION("IF(COUNTIF(B14,""""),,ROUND(SUBSTITUTE(IMPORTXML(""https://www.ngdc.noaa.gov/geomag-web/calculators/calculateDeclination?lat1=""&SUBSTITUTE(VLOOKUP(A14,WAYPOINTS!A:C,2,FALSE()),"","",""."")&""&lon1=""&SUBSTITUTE(VLOOKUP(A14,WAYPOINTS!A:C,3,FALSE()),"","","&"""."")&""&key=zNEw7&resultFormat=xml"",""//declination""),""."","",""),2))"),"") | K14: =IF(COUNTIF(B14,""),,ROUND(L14+1000,-2)) | L14: =IF(COUNTIF(B14,""),,ROUND(CONVERT(getElevation(AVERAGE(VLOOKUP(A14,WAYPOINTS!A:C,2,FALSE()),VLOOKUP(B14,WAYPOINTS!A:C,2,FALSE())),AVERAGE(VLOOKUP(A14,WAYPOINTS!A:C,3,FALSE()),VLOOKUP(B14,WAYPOINTS!A:C,3,FALSE()))),"m","ft"),0)) | M14: =IF(COUNTIF(B14,""),,G14-H14) | N14: =IF(COUNTIF(B14,""),,IF(J14,J14*100,PressureAltitude(I14,T14))) | O14: =IF(COUNTIF(B14,""),,IF(J14,DensityAltitude(J14*100,IsaDeviation(V14,U14)),DensityAltitude(PressureAltitude(I14,T14),IsaDeviation(PressureAltitude(V14,T14),U14)))) | P14: =IF(COUNTIF(B14,""),,IF(J14,TrueAltitude(IndicatedAltitude(J14*100,T14),IsaDeviation(V14,U14)),TrueAltitude(I14,IsaDeviation(V14,U14)))) | Q14: =IF(COUNTIF(B14,""),,3000+L14) | R14: =IF(COUNTIF(B14,""),,MinimalFlightLevel(Q14,T14,M14)) | S14: =IF(COUNTIF(B14,""),,TransitionLevel(Q14,T14)) | T14: =IF(COUNTIF(B14,""),,LOG!Q$25) | U14: =IF(COUNTIF(B14,""),,LOG!Q$26) | V14: =IF(COUNTIF(B14,""),,LOG!Q$27) | W14: =IF(COUNTIF(B14,""),,SWITCH(WindMode,"Detailed",WINTEM!F14,"Average",AverageWindSpeed,"Manual",ManualWindSpeed)) | X14: =IF(COUNTIF(B14,""),,SWITCH(WindMode,"Detailed",WINTEM!G14,"Average",AverageWindDirection,"Manual",ManualWindDirection)) | Y14: =IF(COUNTIF(B14,""),,Z14+0) | Z14: =IF(COUNTIF(B14,""),,IF(J14,CorrectedAirSpeed(IndicatedAltitude(J14,T14),AB14,IsaDeviation(PressureAltitude(V14,T14),U14)),CorrectedAirSpeed(I14,AB14,IsaDeviation(PressureAltitude(V14,T14),U14)))) | AA14: =IF(COUNTIF(B14,""),,LOG!W$26) | AB14: =IF(COUNTIF(B14,""),,60/AA14) | AC14: =IF(COUNTIF(B14,""),,AB14*COS(RADIANS(AD14))-(W14*COS(RADIANS(M14-X14)))) | AD14: =IF(COUNTIF(B14,""),,DEGREES(ASIN(W14/AB14*SIN(RADIANS(M14-X14))))) | AE14: =IF(COUNTIF(B14,""),,PERFORMANCE!H65) | AF14: =IF(COUNTIF(B14,""),,MOD(M14-AD14,360)) | AG14: =IF(COUNTIF(B14,""),,F14*60/AB14) | AH14: =IF(COUNTIF(B14,""),,F14*60/AC14) | AI14: =IF(COUNTIF(B14,""),,AE14/60*AG14) | AJ14: =IF(COUNTIF(B14,""),,AE14/60*AH14) | AK14: =IF(COUNTIF(B14,""),,ROUND(ReqFuel(CARBURANT!G$20,CARBURANT!G$21,CARBURANT!G$22,CARBURANT!G$23,SUM(AH$2:AH14)),2)) | AL14: =IF(COUNTIF(B14,""),,IF(COUNTIF(B15,""),AL13+AJ14+LOG!E$28,AL13+AJ14))
A15: =IF(COUNTIF(B15,""),,B14) | C15: =IF(COUNTIF(B15,""),,IF(COUNTIF(B16,""),C14+AH15/1440+LOG!D$28,C14+AH15/1440)) | D15: =IF(COUNTIF(B15,""),,C15) | E15: =IF(COUNTIF(B15,""),,E14+(D15-D14)*24) | F15: =IF(COUNTIF(B15,""),,ROUND(CONVERT(Distance(VLOOKUP(A15,WAYPOINTS!A:C,2,FALSE()),VLOOKUP(A15,WAYPOINTS!A:C,3,FALSE()),VLOOKUP(B15,WAYPOINTS!A:C,2,FALSE()),VLOOKUP(B15,WAYPOINTS!A:C,3,FALSE())),"m","Nmi"),1)) | G15: =IF(COUNTIF(B15,""),,MOD(Bearing(VLOOKUP(A15,WAYPOINTS!A:C,2,FALSE()),VLOOKUP(A15,WAYPOINTS!A:C,3,FALSE()),VLOOKUP(B15,WAYPOINTS!A:C,2,FALSE()),VLOOKUP(B15,WAYPOINTS!A:C,3,FALSE())),360)) | H15: =IFERROR(__xludf.DUMMYFUNCTION("IF(COUNTIF(B15,""""),,ROUND(SUBSTITUTE(IMPORTXML(""https://www.ngdc.noaa.gov/geomag-web/calculators/calculateDeclination?lat1=""&SUBSTITUTE(VLOOKUP(A15,WAYPOINTS!A:C,2,FALSE()),"","",""."")&""&lon1=""&SUBSTITUTE(VLOOKUP(A15,WAYPOINTS!A:C,3,FALSE()),"","","&"""."")&""&key=zNEw7&resultFormat=xml"",""//declination""),""."","",""),2))"),"") | K15: =IF(COUNTIF(B15,""),,ROUND(L15+1000,-2)) | L15: =IF(COUNTIF(B15,""),,ROUND(CONVERT(getElevation(AVERAGE(VLOOKUP(A15,WAYPOINTS!A:C,2,FALSE()),VLOOKUP(B15,WAYPOINTS!A:C,2,FALSE())),AVERAGE(VLOOKUP(A15,WAYPOINTS!A:C,3,FALSE()),VLOOKUP(B15,WAYPOINTS!A:C,3,FALSE()))),"m","ft"),0)) | M15: =IF(COUNTIF(B15,""),,G15-H15) | N15: =IF(COUNTIF(B15,""),,IF(J15,J15*100,PressureAltitude(I15,T15))) | O15: =IF(COUNTIF(B15,""),,IF(J15,DensityAltitude(J15*100,IsaDeviation(V15,U15)),DensityAltitude(PressureAltitude(I15,T15),IsaDeviation(PressureAltitude(V15,T15),U15)))) | P15: =IF(COUNTIF(B15,""),,IF(J15,TrueAltitude(IndicatedAltitude(J15*100,T15),IsaDeviation(V15,U15)),TrueAltitude(I15,IsaDeviation(V15,U15)))) | Q15: =IF(COUNTIF(B15,""),,3000+L15) | R15: =IF(COUNTIF(B15,""),,MinimalFlightLevel(Q15,T15,M15)) | S15: =IF(COUNTIF(B15,""),,TransitionLevel(Q15,T15)) | T15: =IF(COUNTIF(B15,""),,LOG!Q$25) | U15: =IF(COUNTIF(B15,""),,LOG!Q$26) | V15: =IF(COUNTIF(B15,""),,LOG!Q$27) | W15: =IF(COUNTIF(B15,""),,SWITCH(WindMode,"Detailed",WINTEM!F15,"Average",AverageWindSpeed,"Manual",ManualWindSpeed)) | X15: =IF(COUNTIF(B15,""),,SWITCH(WindMode,"Detailed",WINTEM!G15,"Average",AverageWindDirection,"Manual",ManualWindDirection)) | Y15: =IF(COUNTIF(B15,""),,Z15+0) | Z15: =IF(COUNTIF(B15,""),,IF(J15,CorrectedAirSpeed(IndicatedAltitude(J15,T15),AB15,IsaDeviation(PressureAltitude(V15,T15),U15)),CorrectedAirSpeed(I15,AB15,IsaDeviation(PressureAltitude(V15,T15),U15)))) | AA15: =IF(COUNTIF(B15,""),,LOG!W$26) | AB15: =IF(COUNTIF(B15,""),,60/AA15) | AC15: =IF(COUNTIF(B15,""),,AB15*COS(RADIANS(AD15))-(W15*COS(RADIANS(M15-X15)))) | AD15: =IF(COUNTIF(B15,""),,DEGREES(ASIN(W15/AB15*SIN(RADIANS(M15-X15))))) | AE15: =IF(COUNTIF(B15,""),,PERFORMANCE!H66) | AF15: =IF(COUNTIF(B15,""),,MOD(M15-AD15,360)) | AG15: =IF(COUNTIF(B15,""),,F15*60/AB15) | AH15: =IF(COUNTIF(B15,""),,F15*60/AC15) | AI15: =IF(COUNTIF(B15,""),,AE15/60*AG15) | AJ15: =IF(COUNTIF(B15,""),,AE15/60*AH15) | AK15: =IF(COUNTIF(B15,""),,ROUND(ReqFuel(CARBURANT!G$20,CARBURANT!G$21,CARBURANT!G$22,CARBURANT!G$23,SUM(AH$2:AH15)),2)) | AL15: =IF(COUNTIF(B15,""),,IF(COUNTIF(B16,""),AL14+AJ15+LOG!E$28,AL14+AJ15))
A16: =IF(COUNTIF(B16,""),,B15) | C16: =IF(COUNTIF(B16,""),,IF(COUNTIF(B17,""),C15+AH16/1440+LOG!D$28,C15+AH16/1440)) | D16: =IF(COUNTIF(B16,""),,C16) | E16: =IF(COUNTIF(B16,""),,E15+(D16-D15)*24) | F16: =IF(COUNTIF(B16,""),,ROUND(CONVERT(Distance(VLOOKUP(A16,WAYPOINTS!A:C,2,FALSE()),VLOOKUP(A16,WAYPOINTS!A:C,3,FALSE()),VLOOKUP(B16,WAYPOINTS!A:C,2,FALSE()),VLOOKUP(B16,WAYPOINTS!A:C,3,FALSE())),"m","Nmi"),1)) | G16: =IF(COUNTIF(B16,""),,MOD(Bearing(VLOOKUP(A16,WAYPOINTS!A:C,2,FALSE()),VLOOKUP(A16,WAYPOINTS!A:C,3,FALSE()),VLOOKUP(B16,WAYPOINTS!A:C,2,FALSE()),VLOOKUP(B16,WAYPOINTS!A:C,3,FALSE())),360)) | H16: =IFERROR(__xludf.DUMMYFUNCTION("IF(COUNTIF(B16,""""),,ROUND(SUBSTITUTE(IMPORTXML(""https://www.ngdc.noaa.gov/geomag-web/calculators/calculateDeclination?lat1=""&SUBSTITUTE(VLOOKUP(A16,WAYPOINTS!A:C,2,FALSE()),"","",""."")&""&lon1=""&SUBSTITUTE(VLOOKUP(A16,WAYPOINTS!A:C,3,FALSE()),"","","&"""."")&""&key=zNEw7&resultFormat=xml"",""//declination""),""."","",""),2))"),"") | K16: =IF(COUNTIF(B16,""),,ROUND(L16+1000,-2)) | L16: =IF(COUNTIF(B16,""),,ROUND(CONVERT(getElevation(AVERAGE(VLOOKUP(A16,WAYPOINTS!A:C,2,FALSE()),VLOOKUP(B16,WAYPOINTS!A:C,2,FALSE())),AVERAGE(VLOOKUP(A16,WAYPOINTS!A:C,3,FALSE()),VLOOKUP(B16,WAYPOINTS!A:C,3,FALSE()))),"m","ft"),0)) | M16: =IF(COUNTIF(B16,""),,G16-H16) | N16: =IF(COUNTIF(B16,""),,IF(J16,J16*100,PressureAltitude(I16,T16))) | O16: =IF(COUNTIF(B16,""),,IF(J16,DensityAltitude(J16*100,IsaDeviation(V16,U16)),DensityAltitude(PressureAltitude(I16,T16),IsaDeviation(PressureAltitude(V16,T16),U16)))) | P16: =IF(COUNTIF(B16,""),,IF(J16,TrueAltitude(IndicatedAltitude(J16*100,T16),IsaDeviation(V16,U16)),TrueAltitude(I16,IsaDeviation(V16,U16)))) | Q16: =IF(COUNTIF(B16,""),,3000+L16) | R16: =IF(COUNTIF(B16,""),,MinimalFlightLevel(Q16,T16,M16)) | S16: =IF(COUNTIF(B16,""),,TransitionLevel(Q16,T16)) | T16: =IF(COUNTIF(B16,""),,LOG!Q$25) | U16: =IF(COUNTIF(B16,""),,LOG!Q$26) | V16: =IF(COUNTIF(B16,""),,LOG!Q$27) | W16: =IF(COUNTIF(B16,""),,SWITCH(WindMode,"Detailed",WINTEM!F16,"Average",AverageWindSpeed,"Manual",ManualWindSpeed)) | X16: =IF(COUNTIF(B16,""),,SWITCH(WindMode,"Detailed",WINTEM!G16,"Average",AverageWindDirection,"Manual",ManualWindDirection)) | Y16: =IF(COUNTIF(B16,""),,Z16+0) | Z16: =IF(COUNTIF(B16,""),,IF(J16,CorrectedAirSpeed(IndicatedAltitude(J16,T16),AB16,IsaDeviation(PressureAltitude(V16,T16),U16)),CorrectedAirSpeed(I16,AB16,IsaDeviation(PressureAltitude(V16,T16),U16)))) | AA16: =IF(COUNTIF(B16,""),,LOG!W$26) | AB16: =IF(COUNTIF(B16,""),,60/AA16) | AC16: =IF(COUNTIF(B16,""),,AB16*COS(RADIANS(AD16))-(W16*COS(RADIANS(M16-X16)))) | AD16: =IF(COUNTIF(B16,""),,DEGREES(ASIN(W16/AB16*SIN(RADIANS(M16-X16))))) | AE16: =IF(COUNTIF(B16,""),,PERFORMANCE!H67) | AF16: =IF(COUNTIF(B16,""),,MOD(M16-AD16,360)) | AG16: =IF(COUNTIF(B16,""),,F16*60/AB16) | AH16: =IF(COUNTIF(B16,""),,F16*60/AC16) | AI16: =IF(COUNTIF(B16,""),,AE16/60*AG16) | AJ16: =IF(COUNTIF(B16,""),,AE16/60*AH16) | AK16: =IF(COUNTIF(B16,""),,ROUND(ReqFuel(CARBURANT!G$20,CARBURANT!G$21,CARBURANT!G$22,CARBURANT!G$23,SUM(AH$2:AH16)),2)) | AL16: =IF(COUNTIF(B16,""),,IF(COUNTIF(B17,""),AL15+AJ16+LOG!E$28,AL15+AJ16))
A17: =IF(COUNTIF(B17,""),,B16) | C17: =IF(COUNTIF(B17,""),,IF(COUNTIF(B18,""),C16+AH17/1440+LOG!D$28,C16+AH17/1440)) | D17: =IF(COUNTIF(B17,""),,C17) | E17: =IF(COUNTIF(B17,""),,E16+(D17-D16)*24) | F17: =IF(COUNTIF(B17,""),,ROUND(CONVERT(Distance(VLOOKUP(A17,WAYPOINTS!A:C,2,FALSE()),VLOOKUP(A17,WAYPOINTS!A:C,3,FALSE()),VLOOKUP(B17,WAYPOINTS!A:C,2,FALSE()),VLOOKUP(B17,WAYPOINTS!A:C,3,FALSE())),"m","Nmi"),1)) | G17: =IF(COUNTIF(B17,""),,MOD(Bearing(VLOOKUP(A17,WAYPOINTS!A:C,2,FALSE()),VLOOKUP(A17,WAYPOINTS!A:C,3,FALSE()),VLOOKUP(B17,WAYPOINTS!A:C,2,FALSE()),VLOOKUP(B17,WAYPOINTS!A:C,3,FALSE())),360)) | H17: =IFERROR(__xludf.DUMMYFUNCTION("IF(COUNTIF(B17,""""),,ROUND(SUBSTITUTE(IMPORTXML(""https://www.ngdc.noaa.gov/geomag-web/calculators/calculateDeclination?lat1=""&SUBSTITUTE(VLOOKUP(A17,WAYPOINTS!A:C,2,FALSE()),"","",""."")&""&lon1=""&SUBSTITUTE(VLOOKUP(A17,WAYPOINTS!A:C,3,FALSE()),"","","&"""."")&""&key=zNEw7&resultFormat=xml"",""//declination""),""."","",""),2))"),"") | K17: =IF(COUNTIF(B17,""),,ROUND(L17+1000,-2)) | L17: =IF(COUNTIF(B17,""),,ROUND(CONVERT(getElevation(AVERAGE(VLOOKUP(A17,WAYPOINTS!A:C,2,FALSE()),VLOOKUP(B17,WAYPOINTS!A:C,2,FALSE())),AVERAGE(VLOOKUP(A17,WAYPOINTS!A:C,3,FALSE()),VLOOKUP(B17,WAYPOINTS!A:C,3,FALSE()))),"m","ft"),0)) | M17: =IF(COUNTIF(B17,""),,G17-H17) | N17: =IF(COUNTIF(B17,""),,IF(J17,J17*100,PressureAltitude(I17,T17))) | O17: =IF(COUNTIF(B17,""),,IF(J17,DensityAltitude(J17*100,IsaDeviation(V17,U17)),DensityAltitude(PressureAltitude(I17,T17),IsaDeviation(PressureAltitude(V17,T17),U17)))) | P17: =IF(COUNTIF(B17,""),,IF(J17,TrueAltitude(IndicatedAltitude(J17*100,T17),IsaDeviation(V17,U17)),TrueAltitude(I17,IsaDeviation(V17,U17)))) | Q17: =IF(COUNTIF(B17,""),,3000+L17) | R17: =IF(COUNTIF(B17,""),,MinimalFlightLevel(Q17,T17,M17)) | S17: =IF(COUNTIF(B17,""),,TransitionLevel(Q17,T17)) | T17: =IF(COUNTIF(B17,""),,LOG!Q$25) | U17: =IF(COUNTIF(B17,""),,LOG!Q$26) | V17: =IF(COUNTIF(B17,""),,LOG!Q$27) | W17: =IF(COUNTIF(B17,""),,SWITCH(WindMode,"Detailed",WINTEM!F17,"Average",AverageWindSpeed,"Manual",ManualWindSpeed)) | X17: =IF(COUNTIF(B17,""),,SWITCH(WindMode,"Detailed",WINTEM!G17,"Average",AverageWindDirection,"Manual",ManualWindDirection)) | Y17: =IF(COUNTIF(B17,""),,Z17+0) | Z17: =IF(COUNTIF(B17,""),,IF(J17,CorrectedAirSpeed(IndicatedAltitude(J17,T17),AB17,IsaDeviation(PressureAltitude(V17,T17),U17)),CorrectedAirSpeed(I17,AB17,IsaDeviation(PressureAltitude(V17,T17),U17)))) | AA17: =IF(COUNTIF(B17,""),,LOG!W$26) | AB17: =IF(COUNTIF(B17,""),,60/AA17) | AC17: =IF(COUNTIF(B17,""),,AB17*COS(RADIANS(AD17))-(W17*COS(RADIANS(M17-X17)))) | AD17: =IF(COUNTIF(B17,""),,DEGREES(ASIN(W17/AB17*SIN(RADIANS(M17-X17))))) | AE17: =IF(COUNTIF(B17,""),,PERFORMANCE!H68) | AF17: =IF(COUNTIF(B17,""),,MOD(M17-AD17,360)) | AG17: =IF(COUNTIF(B17,""),,F17*60/AB17) | AH17: =IF(COUNTIF(B17,""),,F17*60/AC17) | AI17: =IF(COUNTIF(B17,""),,AE17/60*AG17) | AJ17: =IF(COUNTIF(B17,""),,AE17/60*AH17) | AK17: =IF(COUNTIF(B17,""),,ROUND(ReqFuel(CARBURANT!G$20,CARBURANT!G$21,CARBURANT!G$22,CARBURANT!G$23,SUM(AH$2:AH17)),2)) | AL17: =IF(COUNTIF(B17,""),,IF(COUNTIF(B18,""),AL16+AJ17+LOG!E$28,AL16+AJ17))
A18: =IF(COUNTIF(B18,""),,B17) | C18: =IF(COUNTIF(B18,""),,IF(COUNTIF(B19,""),C17+AH18/1440+LOG!D$28,C17+AH18/1440)) | D18: =IF(COUNTIF(B18,""),,C18) | E18: =IF(COUNTIF(B18,""),,E17+(D18-D17)*24) | F18: =IF(COUNTIF(B18,""),,ROUND(CONVERT(Distance(VLOOKUP(A18,WAYPOINTS!A:C,2,FALSE()),VLOOKUP(A18,WAYPOINTS!A:C,3,FALSE()),VLOOKUP(B18,WAYPOINTS!A:C,2,FALSE()),VLOOKUP(B18,WAYPOINTS!A:C,3,FALSE())),"m","Nmi"),1)) | G18: =IF(COUNTIF(B18,""),,MOD(Bearing(VLOOKUP(A18,WAYPOINTS!A:C,2,FALSE()),VLOOKUP(A18,WAYPOINTS!A:C,3,FALSE()),VLOOKUP(B18,WAYPOINTS!A:C,2,FALSE()),VLOOKUP(B18,WAYPOINTS!A:C,3,FALSE())),360)) | H18: =IFERROR(__xludf.DUMMYFUNCTION("IF(COUNTIF(B18,""""),,ROUND(SUBSTITUTE(IMPORTXML(""https://www.ngdc.noaa.gov/geomag-web/calculators/calculateDeclination?lat1=""&SUBSTITUTE(VLOOKUP(A18,WAYPOINTS!A:C,2,FALSE()),"","",""."")&""&lon1=""&SUBSTITUTE(VLOOKUP(A18,WAYPOINTS!A:C,3,FALSE()),"","","&"""."")&""&key=zNEw7&resultFormat=xml"",""//declination""),""."","",""),2))"),"") | K18: =IF(COUNTIF(B18,""),,ROUND(L18+1000,-2)) | L18: =IF(COUNTIF(B18,""),,ROUND(CONVERT(getElevation(AVERAGE(VLOOKUP(A18,WAYPOINTS!A:C,2,FALSE()),VLOOKUP(B18,WAYPOINTS!A:C,2,FALSE())),AVERAGE(VLOOKUP(A18,WAYPOINTS!A:C,3,FALSE()),VLOOKUP(B18,WAYPOINTS!A:C,3,FALSE()))),"m","ft"),0)) | M18: =IF(COUNTIF(B18,""),,G18-H18) | N18: =IF(COUNTIF(B18,""),,IF(J18,J18*100,PressureAltitude(I18,T18))) | O18: =IF(COUNTIF(B18,""),,IF(J18,DensityAltitude(J18*100,IsaDeviation(V18,U18)),DensityAltitude(PressureAltitude(I18,T18),IsaDeviation(PressureAltitude(V18,T18),U18)))) | P18: =IF(COUNTIF(B18,""),,IF(J18,TrueAltitude(IndicatedAltitude(J18*100,T18),IsaDeviation(V18,U18)),TrueAltitude(I18,IsaDeviation(V18,U18)))) | Q18: =IF(COUNTIF(B18,""),,3000+L18) | R18: =IF(COUNTIF(B18,""),,MinimalFlightLevel(Q18,T18,M18)) | S18: =IF(COUNTIF(B18,""),,TransitionLevel(Q18,T18)) | T18: =IF(COUNTIF(B18,""),,LOG!Q$25) | U18: =IF(COUNTIF(B18,""),,LOG!Q$26) | V18: =IF(COUNTIF(B18,""),,LOG!Q$27) | W18: =IF(COUNTIF(B18,""),,SWITCH(WindMode,"Detailed",WINTEM!F18,"Average",AverageWindSpeed,"Manual",ManualWindSpeed)) | X18: =IF(COUNTIF(B18,""),,SWITCH(WindMode,"Detailed",WINTEM!G18,"Average",AverageWindDirection,"Manual",ManualWindDirection)) | Y18: =IF(COUNTIF(B18,""),,Z18+0) | Z18: =IF(COUNTIF(B18,""),,IF(J18,CorrectedAirSpeed(IndicatedAltitude(J18,T18),AB18,IsaDeviation(PressureAltitude(V18,T18),U18)),CorrectedAirSpeed(I18,AB18,IsaDeviation(PressureAltitude(V18,T18),U18)))) | AA18: =IF(COUNTIF(B18,""),,LOG!W$26) | AB18: =IF(COUNTIF(B18,""),,60/AA18) | AC18: =IF(COUNTIF(B18,""),,AB18*COS(RADIANS(AD18))-(W18*COS(RADIANS(M18-X18)))) | AD18: =IF(COUNTIF(B18,""),,DEGREES(ASIN(W18/AB18*SIN(RADIANS(M18-X18))))) | AE18: =IF(COUNTIF(B18,""),,PERFORMANCE!H69) | AF18: =IF(COUNTIF(B18,""),,MOD(M18-AD18,360)) | AG18: =IF(COUNTIF(B18,""),,F18*60/AB18) | AH18: =IF(COUNTIF(B18,""),,F18*60/AC18) | AI18: =IF(COUNTIF(B18,""),,AE18/60*AG18) | AJ18: =IF(COUNTIF(B18,""),,AE18/60*AH18) | AK18: =IF(COUNTIF(B18,""),,ROUND(ReqFuel(CARBURANT!G$20,CARBURANT!G$21,CARBURANT!G$22,CARBURANT!G$23,SUM(AH$2:AH18)),2)) | AL18: =IF(COUNTIF(B18,""),,IF(COUNTIF(B19,""),AL17+AJ18+LOG!E$28,AL17+AJ18))
A19: =IF(COUNTIF(B19,""),,B18) | C19: =IF(COUNTIF(B19,""),,IF(COUNTIF(B20,""),C18+AH19/1440+LOG!D$28,C18+AH19/1440)) | D19: =IF(COUNTIF(B19,""),,C19) | E19: =IF(COUNTIF(B19,""),,E18+(D19-D18)*24) | F19: =IF(COUNTIF(B19,""),,ROUND(CONVERT(Distance(VLOOKUP(A19,WAYPOINTS!A:C,2,FALSE()),VLOOKUP(A19,WAYPOINTS!A:C,3,FALSE()),VLOOKUP(B19,WAYPOINTS!A:C,2,FALSE()),VLOOKUP(B19,WAYPOINTS!A:C,3,FALSE())),"m","Nmi"),1)) | G19: =IF(COUNTIF(B19,""),,MOD(Bearing(VLOOKUP(A19,WAYPOINTS!A:C,2,FALSE()),VLOOKUP(A19,WAYPOINTS!A:C,3,FALSE()),VLOOKUP(B19,WAYPOINTS!A:C,2,FALSE()),VLOOKUP(B19,WAYPOINTS!A:C,3,FALSE())),360)) | H19: =IFERROR(__xludf.DUMMYFUNCTION("IF(COUNTIF(B19,""""),,ROUND(SUBSTITUTE(IMPORTXML(""https://www.ngdc.noaa.gov/geomag-web/calculators/calculateDeclination?lat1=""&SUBSTITUTE(VLOOKUP(A19,WAYPOINTS!A:C,2,FALSE()),"","",""."")&""&lon1=""&SUBSTITUTE(VLOOKUP(A19,WAYPOINTS!A:C,3,FALSE()),"","","&"""."")&""&key=zNEw7&resultFormat=xml"",""//declination""),""."","",""),2))"),"") | K19: =IF(COUNTIF(B19,""),,ROUND(L19+1000,-2)) | L19: =IF(COUNTIF(B19,""),,ROUND(CONVERT(getElevation(AVERAGE(VLOOKUP(A19,WAYPOINTS!A:C,2,FALSE()),VLOOKUP(B19,WAYPOINTS!A:C,2,FALSE())),AVERAGE(VLOOKUP(A19,WAYPOINTS!A:C,3,FALSE()),VLOOKUP(B19,WAYPOINTS!A:C,3,FALSE()))),"m","ft"),0)) | M19: =IF(COUNTIF(B19,""),,G19-H19) | N19: =IF(COUNTIF(B19,""),,IF(J19,J19*100,PressureAltitude(I19,T19))) | O19: =IF(COUNTIF(B19,""),,IF(J19,DensityAltitude(J19*100,IsaDeviation(V19,U19)),DensityAltitude(PressureAltitude(I19,T19),IsaDeviation(PressureAltitude(V19,T19),U19)))) | P19: =IF(COUNTIF(B19,""),,IF(J19,TrueAltitude(IndicatedAltitude(J19*100,T19),IsaDeviation(V19,U19)),TrueAltitude(I19,IsaDeviation(V19,U19)))) | Q19: =IF(COUNTIF(B19,""),,3000+L19) | R19: =IF(COUNTIF(B19,""),,MinimalFlightLevel(Q19,T19,M19)) | S19: =IF(COUNTIF(B19,""),,TransitionLevel(Q19,T19)) | T19: =IF(COUNTIF(B19,""),,LOG!Q$25) | U19: =IF(COUNTIF(B19,""),,LOG!Q$26) | V19: =IF(COUNTIF(B19,""),,LOG!Q$27) | W19: =IF(COUNTIF(B19,""),,SWITCH(WindMode,"Detailed",WINTEM!F19,"Average",AverageWindSpeed,"Manual",ManualWindSpeed)) | X19: =IF(COUNTIF(B19,""),,SWITCH(WindMode,"Detailed",WINTEM!G19,"Average",AverageWindDirection,"Manual",ManualWindDirection)) | Y19: =IF(COUNTIF(B19,""),,Z19+0) | Z19: =IF(COUNTIF(B19,""),,IF(J19,CorrectedAirSpeed(IndicatedAltitude(J19,T19),AB19,IsaDeviation(PressureAltitude(V19,T19),U19)),CorrectedAirSpeed(I19,AB19,IsaDeviation(PressureAltitude(V19,T19),U19)))) | AA19: =IF(COUNTIF(B19,""),,LOG!W$26) | AB19: =IF(COUNTIF(B19,""),,60/AA19) | AC19: =IF(COUNTIF(B19,""),,AB19*COS(RADIANS(AD19))-(W19*COS(RADIANS(M19-X19)))) | AD19: =IF(COUNTIF(B19,""),,DEGREES(ASIN(W19/AB19*SIN(RADIANS(M19-X19))))) | AE19: =IF(COUNTIF(B19,""),,PERFORMANCE!H70) | AF19: =IF(COUNTIF(B19,""),,MOD(M19-AD19,360)) | AG19: =IF(COUNTIF(B19,""),,F19*60/AB19) | AH19: =IF(COUNTIF(B19,""),,F19*60/AC19) | AI19: =IF(COUNTIF(B19,""),,AE19/60*AG19) | AJ19: =IF(COUNTIF(B19,""),,AE19/60*AH19) | AK19: =IF(COUNTIF(B19,""),,ROUND(ReqFuel(CARBURANT!G$20,CARBURANT!G$21,CARBURANT!G$22,CARBURANT!G$23,SUM(AH$2:AH19)),2)) | AL19: =IF(COUNTIF(B19,""),,IF(COUNTIF(B20,""),AL18+AJ19+LOG!E$28,AL18+AJ19))
C22: =IFERROR(__xludf.DUMMYFUNCTION("INDEX(FILTER(D:D, D:D<>""""), ROWS(FILTER(D:D, D:D<>""""))-1) "),0.5456490652682869) -> 0.54564907

Sheet TRIANGULATION CARTE
A1: From | B1: To | C1: Triangulation | D1: Dist (NM) | E1: Dist (mm) | F1: Dist Triang (NM) | G1: Dist Triang (mm) | H1: Rv (°) | I1: Dm (°) | J1: Rm (°) | K1: Vw (KTS) | L1: Dw (°) | M1: Fb | N1: Vp (KTS) | O1: Vs (KTS) | P1: X (°) | Q1: Cm (°) | R1: T (MIN) | S1: Tw (MIN) | T1: 1 min (mm)
A2: ='CALCULS BRANCHES'!A2 -> LFXU | B2: ='CALCULS BRANCHES'!B2 -> PTSW | C2: LFPT | D2: =IF(COUNTIF(B2,""),,ROUND(CONVERT(Distance(VLOOKUP(A2,WAYPOINTS!A:C,2,FALSE()),VLOOKUP(A2,WAYPOINTS!A:C,3,FALSE()),VLOOKUP(B2,WAYPOINTS!A:C,2,FALSE()),VLOOKUP(B2,WAYPOINTS!A:C,3,FALSE())),"m","Nmi"),1)) -> 6 | E2: =IF(COUNTIF(B2,""),,CONVERT(D2/B$24,"Nmi","mm")) -> 22.224 | F2: =IF(COUNTIF(C2,""),,ROUND(CONVERT(Distance(VLOOKUP(B2,WAYPOINTS!A:C,2,FALSE()),VLOOKUP(B2,WAYPOINTS!A:C,3,FALSE()),VLOOKUP(C2,WAYPOINTS!A:C,2,FALSE()),VLOOKUP(C2,WAYPOINTS!A:C,3,FALSE())),"m","Nmi"),1)) -> 12.2 | G2: =IF(COUNTIF(C2,""),,CONVERT(F2/B$24,"Nmi","mm")) -> 45.1888 | H2: =IF(COUNTIF(B2,""),,MOD(Bearing(VLOOKUP(A2,WAYPOINTS!A:C,2,FALSE()),VLOOKUP(A2,WAYPOINTS!A:C,3,FALSE()),VLOOKUP(B2,WAYPOINTS!A:C,2,FALSE()),VLOOKUP(B2,WAYPOINTS!A:C,3,FALSE())),360)) -> 253.68469 | I2: =IFERROR(__xludf.DUMMYFUNCTION("IF(COUNTIF(B2,""""),,ROUND(SUBSTITUTE(IMPORTXML(""https://www.ngdc.noaa.gov/geomag-web/calculators/calculateDeclination?lat1=""&SUBSTITUTE(VLOOKUP(A2,WAYPOINTS!A:C,2,FALSE()),"","",""."")&""&lon1=""&SUBSTITUTE(VLOOKUP(A2,WAYPOINTS!A:C,3,FALSE()),"","",""."&""")&""&key=zNEw7&resultFormat=xml"",""//declination""),""."","",""),2))"),1.85) -> 1.85 | J2: =IF(COUNTIF(B2,""),,ROUND(H2-I2,0)) -> 252 | K2: =IF(COUNTIF(B2,""),,LOG!T$25) -> 15 | L2: =IF(COUNTIF(B2,""),,LOG!T$26) -> 336 | M2: =IF(COUNTIF(B2,""),,LOG!W$26) -> 0.6 | N2: =IF(COUNTIF(B2,""),,60/M2) -> 100 | O2: =IF(COUNTIF(B2,""),,N2*COS(RADIANS(P2))-(K2*COS(RADIANS(J2-L2)))) -> 97.313105 | P2: =IF(COUNTIF(B2,""),,DEGREES(ASIN(K2/N2*SIN(RADIANS(J2-L2))))) -> -8.5793099 | Q2: =IF(COUNTIF(B2,""),,MOD(J2-P2,360)) -> 260.57931 | R2: =IF(COUNTIF(B2,""),,D2*60/N2) -> 3.6 | S2: =IF(COUNTIF(B2,""),,D2*60/O2) -> 3.699399 | T2: =IF(COUNTIF(B2,""),,E2/S2) -> 6.0074623
A3: =IF(COUNTIF(B3,""),,B2) -> PTSW | B3: ='CALCULS BRANCHES'!B3 -> MEZER | C3: LFOP | D3: =IF(COUNTIF(B3,""),,ROUND(CONVERT(Distance(VLOOKUP(A3,WAYPOINTS!A:C,2,FALSE()),VLOOKUP(A3,WAYPOINTS!A:C,3,FALSE()),VLOOKUP(B3,WAYPOINTS!A:C,2,FALSE()),VLOOKUP(B3,WAYPOINTS!A:C,3,FALSE())),"m","Nmi"),1)) -> 3.1 | E3: =IF(COUNTIF(B3,""),,CONVERT(D3/B$24,"Nmi","mm")) -> 11.4824 | F3: =IF(COUNTIF(C3,""),,ROUND(CONVERT(Distance(VLOOKUP(B3,WAYPOINTS!A:C,2,FALSE()),VLOOKUP(B3,WAYPOINTS!A:C,3,FALSE()),VLOOKUP(C3,WAYPOINTS!A:C,2,FALSE()),VLOOKUP(C3,WAYPOINTS!A:C,3,FALSE())),"m","Nmi"),1)) -> 35.2 | G3: =IF(COUNTIF(C3,""),,CONVERT(F3/B$24,"Nmi","mm")) -> 130.3808 | H3: =IF(COUNTIF(B3,""),,MOD(Bearing(VLOOKUP(A3,WAYPOINTS!A:C,2,FALSE()),VLOOKUP(A3,WAYPOINTS!A:C,3,FALSE()),VLOOKUP(B3,WAYPOINTS!A:C,2,FALSE()),VLOOKUP(B3,WAYPOINTS!A:C,3,FALSE())),360)) -> 223.12897 | I3: =IFERROR(__xludf.DUMMYFUNCTION("IF(COUNTIF(B3,""""),,ROUND(SUBSTITUTE(IMPORTXML(""https://www.ngdc.noaa.gov/geomag-web/calculators/calculateDeclination?lat1=""&SUBSTITUTE(VLOOKUP(A3,WAYPOINTS!A:C,2,FALSE()),"","",""."")&""&lon1=""&SUBSTITUTE(VLOOKUP(A3,WAYPOINTS!A:C,3,FALSE()),"","",""."&""")&""&key=zNEw7&resultFormat=xml"",""//declination""),""."","",""),2))"),1.81) -> 1.81 | J3: =IF(COUNTIF(B3,""),,ROUND(H3-I3,0)) -> 221 | K3: =IF(COUNTIF(B3,""),,LOG!T$25) -> 15 | L3: =IF(COUNTIF(B3,""),,LOG!T$26) -> 336 | M3: =IF(COUNTIF(B3,""),,LOG!W$26) -> 0.6 | N3: =IF(COUNTIF(B3,""),,60/M3) -> 100 | O3: =IF(COUNTIF(B3,""),,N3*COS(RADIANS(P3))-(K3*COS(RADIANS(J3-L3)))) -> 105.4109 | P3: =IF(COUNTIF(B3,""),,DEGREES(ASIN(K3/N3*SIN(RADIANS(J3-L3))))) -> -7.8133358 | Q3: =IF(COUNTIF(B3,""),,MOD(J3-P3,360)) -> 228.81334 | R3: =IF(COUNTIF(B3,""),,D3*60/N3) -> 1.86 | S3: =IF(COUNTIF(B3,""),,D3*60/O3) -> 1.7645235 | T3: =IF(COUNTIF(B3,""),,E3/S3) -> 6.507366
A4: =IF(COUNTIF(B4,""),,B3) -> MEZER | B4: ='CALCULS BRANCHES'!B4 -> N12HE | D4: =IF(COUNTIF(B4,""),,ROUND(CONVERT(Distance(VLOOKUP(A4,WAYPOINTS!A:C,2,FALSE()),VLOOKUP(A4,WAYPOINTS!A:C,3,FALSE()),VLOOKUP(B4,WAYPOINTS!A:C,2,FALSE()),VLOOKUP(B4,WAYPOINTS!A:C,3,FALSE())),"m","Nmi"),1)) -> 8.2 | E4: =IF(COUNTIF(B4,""),,CONVERT(D4/B$24,"Nmi","mm")) -> 30.3728 | F4: =IF(COUNTIF(C4,""),,ROUND(CONVERT(Distance(VLOOKUP(B4,WAYPOINTS!A:C,2,FALSE()),VLOOKUP(B4,WAYPOINTS!A:C,3,FALSE()),VLOOKUP(C4,WAYPOINTS!A:C,2,FALSE()),VLOOKUP(C4,WAYPOINTS!A:C,3,FALSE())),"m","Nmi"),1)) | G4: =IF(COUNTIF(C4,""),,CONVERT(F4/B$24,"Nmi","mm")) | H4: =IF(COUNTIF(B4,""),,MOD(Bearing(VLOOKUP(A4,WAYPOINTS!A:C,2,FALSE()),VLOOKUP(A4,WAYPOINTS!A:C,3,FALSE()),VLOOKUP(B4,WAYPOINTS!A:C,2,FALSE()),VLOOKUP(B4,WAYPOINTS!A:C,3,FALSE())),360)) -> 190.50882 | I4: =IFERROR(__xludf.DUMMYFUNCTION("IF(COUNTIF(B4,""""),,ROUND(SUBSTITUTE(IMPORTXML(""https://www.ngdc.noaa.gov/geomag-web/calculators/calculateDeclination?lat1=""&SUBSTITUTE(VLOOKUP(A4,WAYPOINTS!A:C,2,FALSE()),"","",""."")&""&lon1=""&SUBSTITUTE(VLOOKUP(A4,WAYPOINTS!A:C,3,FALSE()),"","",""."&""")&""&key=zNEw7&resultFormat=xml"",""//declination""),""."","",""),2))"),1.8) -> 1.8 | J4: =IF(COUNTIF(B4,""),,ROUND(H4-I4,0)) -> 189 | K4: =IF(COUNTIF(B4,""),,LOG!T$25) -> 15 | L4: =IF(COUNTIF(B4,""),,LOG!T$26) -> 336 | M4: =IF(COUNTIF(B4,""),,LOG!W$26) -> 0.6 | N4: =IF(COUNTIF(B4,""),,60/M4) -> 100 | O4: =IF(COUNTIF(B4,""),,N4*COS(RADIANS(P4))-(K4*COS(RADIANS(J4-L4)))) -> 112.24579 | P4: =IF(COUNTIF(B4,""),,DEGREES(ASIN(K4/N4*SIN(RADIANS(J4-L4))))) -> -4.6860502 | Q4: =IF(COUNTIF(B4,""),,MOD(J4-P4,360)) -> 193.68605 | R4: =IF(COUNTIF(B4,""),,D4*60/N4) -> 4.92 | S4: =IF(COUNTIF(B4,""),,D4*60/O4) -> 4.3832379 | T4: =IF(COUNTIF(B4,""),,E4/S4) -> 6.9293067
A5: =IF(COUNTIF(B5,""),,B4) -> N12HE | B5: ='CALCULS BRANCHES'!B5 -> EPR | C5: LFAE | D5: =IF(COUNTIF(B5,""),,ROUND(CONVERT(Distance(VLOOKUP(A5,WAYPOINTS!A:C,2,FALSE()),VLOOKUP(A5,WAYPOINTS!A:C,3,FALSE()),VLOOKUP(B5,WAYPOINTS!A:C,2,FALSE()),VLOOKUP(B5,WAYPOINTS!A:C,3,FALSE())),"m","Nmi"),1)) -> 10.6 | E5: =IF(COUNTIF(B5,""),,CONVERT(D5/B$24,"Nmi","mm")) -> 39.2624 | F5: =IF(COUNTIF(C5,""),,ROUND(CONVERT(Distance(VLOOKUP(B5,WAYPOINTS!A:C,2,FALSE()),VLOOKUP(B5,WAYPOINTS!A:C,3,FALSE()),VLOOKUP(C5,WAYPOINTS!A:C,2,FALSE()),VLOOKUP(C5,WAYPOINTS!A:C,3,FALSE())),"m","Nmi"),1)) -> 87.1 | G5: =IF(COUNTIF(C5,""),,CONVERT(F5/B$24,"Nmi","mm")) -> 322.6184 | H5: =IF(COUNTIF(B5,""),,MOD(Bearing(VLOOKUP(A5,WAYPOINTS!A:C,2,FALSE()),VLOOKUP(A5,WAYPOINTS!A:C,3,FALSE()),VLOOKUP(B5,WAYPOINTS!A:C,2,FALSE()),VLOOKUP(B5,WAYPOINTS!A:C,3,FALSE())),360)) -> 190.51401 | I5: =IFERROR(__xludf.DUMMYFUNCTION("IF(COUNTIF(B5,""""),,ROUND(SUBSTITUTE(IMPORTXML(""https://www.ngdc.noaa.gov/geomag-web/calculators/calculateDeclination?lat1=""&SUBSTITUTE(VLOOKUP(A5,WAYPOINTS!A:C,2,FALSE()),"","",""."")&""&lon1=""&SUBSTITUTE(VLOOKUP(A5,WAYPOINTS!A:C,3,FALSE()),"","",""."&""")&""&key=zNEw7&resultFormat=xml"",""//declination""),""."","",""),2))"),1.79) -> 1.79 | J5: =IF(COUNTIF(B5,""),,ROUND(H5-I5,0)) -> 189 | K5: =IF(COUNTIF(B5,""),,LOG!T$25) -> 15 | L5: =IF(COUNTIF(B5,""),,LOG!T$26) -> 336 | M5: =IF(COUNTIF(B5,""),,LOG!W$26) -> 0.6 | N5: =IF(COUNTIF(B5,""),,60/M5) -> 100 | O5: =IF(COUNTIF(B5,""),,N5*COS(RADIANS(P5))-(K5*COS(RADIANS(J5-L5)))) -> 112.24579 | P5: =IF(COUNTIF(B5,""),,DEGREES(ASIN(K5/N5*SIN(RADIANS(J5-L5))))) -> -4.6860502 | Q5: =IF(COUNTIF(B5,""),,MOD(J5-P5,360)) -> 193.68605 | R5: =IF(COUNTIF(B5,""),,D5*60/N5) -> 6.36 | S5: =IF(COUNTIF(B5,""),,D5*60/O5) -> 5.6661368 | T5: =IF(COUNTIF(B5,""),,E5/S5) -> 6.9293067
A6: =IF(COUNTIF(B6,""),,B5) -> EPR | B6: ='CALCULS BRANCHES'!B6 -> LFOR | D6: =IF(COUNTIF(B6,""),,ROUND(CONVERT(Distance(VLOOKUP(A6,WAYPOINTS!A:C,2,FALSE()),VLOOKUP(A6,WAYPOINTS!A:C,3,FALSE()),VLOOKUP(B6,WAYPOINTS!A:C,2,FALSE()),VLOOKUP(B6,WAYPOINTS!A:C,3,FALSE())),"m","Nmi"),1)) -> 11.3 | E6: =IF(COUNTIF(B6,""),,CONVERT(D6/B$24,"Nmi","mm")) -> 41.8552 | F6: =IF(COUNTIF(C6,""),,ROUND(CONVERT(Distance(VLOOKUP(B6,WAYPOINTS!A:C,2,FALSE()),VLOOKUP(B6,WAYPOINTS!A:C,3,FALSE()),VLOOKUP(C6,WAYPOINTS!A:C,2,FALSE()),VLOOKUP(C6,WAYPOINTS!A:C,3,FALSE())),"m","Nmi"),1)) | G6: =IF(COUNTIF(C6,""),,CONVERT(F6/B$24,"Nmi","mm")) | H6: =IF(COUNTIF(B6,""),,MOD(Bearing(VLOOKUP(A6,WAYPOINTS!A:C,2,FALSE()),VLOOKUP(A6,WAYPOINTS!A:C,3,FALSE()),VLOOKUP(B6,WAYPOINTS!A:C,2,FALSE()),VLOOKUP(B6,WAYPOINTS!A:C,3,FALSE())),360)) -> 207.82269 | I6: =IFERROR(__xludf.DUMMYFUNCTION("IF(COUNTIF(B6,""""),,ROUND(SUBSTITUTE(IMPORTXML(""https://www.ngdc.noaa.gov/geomag-web/calculators/calculateDeclination?lat1=""&SUBSTITUTE(VLOOKUP(A6,WAYPOINTS!A:C,2,FALSE()),"","",""."")&""&lon1=""&SUBSTITUTE(VLOOKUP(A6,WAYPOINTS!A:C,3,FALSE()),"","",""."&""")&""&key=zNEw7&resultFormat=xml"",""//declination""),""."","",""),2))"),1.79) -> 1.79 | J6: =IF(COUNTIF(B6,""),,ROUND(H6-I6,0)) -> 206 | K6: =IF(COUNTIF(B6,""),,LOG!T$25) -> 15 | L6: =IF(COUNTIF(B6,""),,LOG!T$26) -> 336 | M6: =IF(COUNTIF(B6,""),,LOG!W$26) -> 0.6 | N6: =IF(COUNTIF(B6,""),,60/M6) -> 100 | O6: =IF(COUNTIF(B6,""),,N6*COS(RADIANS(P6))-(K6*COS(RADIANS(J6-L6)))) -> 108.97944 | P6: =IF(COUNTIF(B6,""),,DEGREES(ASIN(K6/N6*SIN(RADIANS(J6-L6))))) -> -6.5982417 | Q6: =IF(COUNTIF(B6,""),,MOD(J6-P6,360)) -> 212.59824 | R6: =IF(COUNTIF(B6,""),,D6*60/N6) -> 6.78 | S6: =IF(COUNTIF(B6,""),,D6*60/O6) -> 6.2213568 | T6: =IF(COUNTIF(B6,""),,E6/S6) -> 6.7276643
A7: =IF(COUNTIF(B7,""),,B6) -> LFOR | B7: ='CALCULS BRANCHES'!B7 -> LFON | D7: =IF(COUNTIF(B7,""),,ROUND(CONVERT(Distance(VLOOKUP(A7,WAYPOINTS!A:C,2,FALSE()),VLOOKUP(A7,WAYPOINTS!A:C,3,FALSE()),VLOOKUP(B7,WAYPOINTS!A:C,2,FALSE()),VLOOKUP(B7,WAYPOINTS!A:C,3,FALSE())),"m","Nmi"),1)) -> 16.2 | E7: =IF(COUNTIF(B7,""),,CONVERT(D7/B$24,"Nmi","mm")) -> 60.0048 | F7: =IF(COUNTIF(C7,""),,ROUND(CONVERT(Distance(VLOOKUP(B7,WAYPOINTS!A:C,2,FALSE()),VLOOKUP(B7,WAYPOINTS!A:C,3,FALSE()),VLOOKUP(C7,WAYPOINTS!A:C,2,FALSE()),VLOOKUP(C7,WAYPOINTS!A:C,3,FALSE())),"m","Nmi"),1)) | G7: =IF(COUNTIF(C7,""),,CONVERT(F7/B$24,"Nmi","mm")) | H7: =IF(COUNTIF(B7,""),,MOD(Bearing(VLOOKUP(A7,WAYPOINTS!A:C,2,FALSE()),VLOOKUP(A7,WAYPOINTS!A:C,3,FALSE()),VLOOKUP(B7,WAYPOINTS!A:C,2,FALSE()),VLOOKUP(B7,WAYPOINTS!A:C,3,FALSE())),360)) -> 336.5359 | I7: =IFERROR(__xludf.DUMMYFUNCTION("IF(COUNTIF(B7,""""),,ROUND(SUBSTITUTE(IMPORTXML(""https://www.ngdc.noaa.gov/geomag-web/calculators/calculateDeclination?lat1=""&SUBSTITUTE(VLOOKUP(A7,WAYPOINTS!A:C,2,FALSE()),"","",""."")&""&lon1=""&SUBSTITUTE(VLOOKUP(A7,WAYPOINTS!A:C,3,FALSE()),"","",""."&""")&""&key=zNEw7&resultFormat=xml"",""//declination""),""."","",""),2))"),1.76) -> 1.76 | J7: =IF(COUNTIF(B7,""),,ROUND(H7-I7,0)) -> 335 | K7: =IF(COUNTIF(B7,""),,LOG!T$25) -> 15 | L7: =IF(COUNTIF(B7,""),,LOG!T$26) -> 336 | M7: =IF(COUNTIF(B7,""),,LOG!W$26) -> 0.6 | N7: =IF(COUNTIF(B7,""),,60/M7) -> 100 | O7: =IF(COUNTIF(B7,""),,N7*COS(RADIANS(P7))-(K7*COS(RADIANS(J7-L7)))) -> 85.001942 | P7: =IF(COUNTIF(B7,""),,DEGREES(ASIN(K7/N7*SIN(RADIANS(J7-L7))))) -> -0.14999256 | Q7: =IF(COUNTIF(B7,""),,MOD(J7-P7,360)) -> 335.14999 | R7: =IF(COUNTIF(B7,""),,D7*60/N7) -> 9.72 | S7: =IF(COUNTIF(B7,""),,D7*60/O7) -> 11.435033 | T7: =IF(COUNTIF(B7,""),,E7/S7) -> 5.2474532
A8: =IF(COUNTIF(B8,""),,B7) | B8: ='CALCULS BRANCHES'!B8 | D8: =IF(COUNTIF(B8,""),,ROUND(CONVERT(Distance(VLOOKUP(A8,WAYPOINTS!A:C,2,FALSE()),VLOOKUP(A8,WAYPOINTS!A:C,3,FALSE()),VLOOKUP(B8,WAYPOINTS!A:C,2,FALSE()),VLOOKUP(B8,WAYPOINTS!A:C,3,FALSE())),"m","Nmi"),1)) | E8: =IF(COUNTIF(B8,""),,CONVERT(D8/B$24,"Nmi","mm")) | F8: =IF(COUNTIF(C8,""),,ROUND(CONVERT(Distance(VLOOKUP(B8,WAYPOINTS!A:C,2,FALSE()),VLOOKUP(B8,WAYPOINTS!A:C,3,FALSE()),VLOOKUP(C8,WAYPOINTS!A:C,2,FALSE()),VLOOKUP(C8,WAYPOINTS!A:C,3,FALSE())),"m","Nmi"),1)) | G8: =IF(COUNTIF(C8,""),,CONVERT(F8/B$24,"Nmi","mm")) | H8: =IF(COUNTIF(B8,""),,MOD(Bearing(VLOOKUP(A8,WAYPOINTS!A:C,2,FALSE()),VLOOKUP(A8,WAYPOINTS!A:C,3,FALSE()),VLOOKUP(B8,WAYPOINTS!A:C,2,FALSE()),VLOOKUP(B8,WAYPOINTS!A:C,3,FALSE())),360)) | I8: =IFERROR(__xludf.DUMMYFUNCTION("IF(COUNTIF(B8,""""),,ROUND(SUBSTITUTE(IMPORTXML(""https://www.ngdc.noaa.gov/geomag-web/calculators/calculateDeclination?lat1=""&SUBSTITUTE(VLOOKUP(A8,WAYPOINTS!A:C,2,FALSE()),"","",""."")&""&lon1=""&SUBSTITUTE(VLOOKUP(A8,WAYPOINTS!A:C,3,FALSE()),"","",""."&""")&""&key=zNEw7&resultFormat=xml"",""//declination""),""."","",""),2))"),"") | J8: =IF(COUNTIF(B8,""),,ROUND(H8-I8,0)) | K8: =IF(COUNTIF(B8,""),,LOG!T$25) | L8: =IF(COUNTIF(B8,""),,LOG!T$26) | M8: =IF(COUNTIF(B8,""),,LOG!W$26) | N8: =IF(COUNTIF(B8,""),,60/M8) | O8: =IF(COUNTIF(B8,""),,N8*COS(RADIANS(P8))-(K8*COS(RADIANS(J8-L8)))) | P8: =IF(COUNTIF(B8,""),,DEGREES(ASIN(K8/N8*SIN(RADIANS(J8-L8))))) | Q8: =IF(COUNTIF(B8,""),,MOD(J8-P8,360)) | R8: =IF(COUNTIF(B8,""),,D8*60/N8) | S8: =IF(COUNTIF(B8,""),,D8*60/O8) | T8: =IF(COUNTIF(B8,""),,E8/S8)
A9: =IF(COUNTIF(B9,""),,B8) | B9: ='CALCULS BRANCHES'!B9 | D9: =IF(COUNTIF(B9,""),,ROUND(CONVERT(Distance(VLOOKUP(A9,WAYPOINTS!A:C,2,FALSE()),VLOOKUP(A9,WAYPOINTS!A:C,3,FALSE()),VLOOKUP(B9,WAYPOINTS!A:C,2,FALSE()),VLOOKUP(B9,WAYPOINTS!A:C,3,FALSE())),"m","Nmi"),1)) | E9: =IF(COUNTIF(B9,""),,CONVERT(D9/B$24,"Nmi","mm")) | F9: =IF(COUNTIF(C9,""),,ROUND(CONVERT(Distance(VLOOKUP(B9,WAYPOINTS!A:C,2,FALSE()),VLOOKUP(B9,WAYPOINTS!A:C,3,FALSE()),VLOOKUP(C9,WAYPOINTS!A:C,2,FALSE()),VLOOKUP(C9,WAYPOINTS!A:C,3,FALSE())),"m","Nmi"),1)) | G9: =IF(COUNTIF(C9,""),,CONVERT(F9/B$24,"Nmi","mm")) | H9: =IF(COUNTIF(B9,""),,MOD(Bearing(VLOOKUP(A9,WAYPOINTS!A:C,2,FALSE()),VLOOKUP(A9,WAYPOINTS!A:C,3,FALSE()),VLOOKUP(B9,WAYPOINTS!A:C,2,FALSE()),VLOOKUP(B9,WAYPOINTS!A:C,3,FALSE())),360)) | I9: =IFERROR(__xludf.DUMMYFUNCTION("IF(COUNTIF(B9,""""),,ROUND(SUBSTITUTE(IMPORTXML(""https://www.ngdc.noaa.gov/geomag-web/calculators/calculateDeclination?lat1=""&SUBSTITUTE(VLOOKUP(A9,WAYPOINTS!A:C,2,FALSE()),"","",""."")&""&lon1=""&SUBSTITUTE(VLOOKUP(A9,WAYPOINTS!A:C,3,FALSE()),"","",""."&""")&""&key=zNEw7&resultFormat=xml"",""//declination""),""."","",""),2))"),"") | J9: =IF(COUNTIF(B9,""),,ROUND(H9-I9,0)) | K9: =IF(COUNTIF(B9,""),,LOG!T$25) | L9: =IF(COUNTIF(B9,""),,LOG!T$26) | M9: =IF(COUNTIF(B9,""),,LOG!W$26) | N9: =IF(COUNTIF(B9,""),,60/M9) | O9: =IF(COUNTIF(B9,""),,N9*COS(RADIANS(P9))-(K9*COS(RADIANS(J9-L9)))) | P9: =IF(COUNTIF(B9,""),,DEGREES(ASIN(K9/N9*SIN(RADIANS(J9-L9))))) | Q9: =IF(COUNTIF(B9,""),,MOD(J9-P9,360)) | R9: =IF(COUNTIF(B9,""),,D9*60/N9) | S9: =IF(COUNTIF(B9,""),,D9*60/O9) | T9: =IF(COUNTIF(B9,""),,E9/S9)
A10: =IF(COUNTIF(B10,""),,B9) | B10: ='CALCULS BRANCHES'!B10 | D10: =IF(COUNTIF(B10,""),,ROUND(CONVERT(Distance(VLOOKUP(A10,WAYPOINTS!A:C,2,FALSE()),VLOOKUP(A10,WAYPOINTS!A:C,3,FALSE()),VLOOKUP(B10,WAYPOINTS!A:C,2,FALSE()),VLOOKUP(B10,WAYPOINTS!A:C,3,FALSE())),"m","Nmi"),1)) | E10: =IF(COUNTIF(B10,""),,CONVERT(D10/B$24,"Nmi","mm")) | F10: =IF(COUNTIF(C10,""),,ROUND(CONVERT(Distance(VLOOKUP(B10,WAYPOINTS!A:C,2,FALSE()),VLOOKUP(B10,WAYPOINTS!A:C,3,FALSE()),VLOOKUP(C10,WAYPOINTS!A:C,2,FALSE()),VLOOKUP(C10,WAYPOINTS!A:C,3,FALSE())),"m","Nmi"),1)) | G10: =IF(COUNTIF(C10,""),,CONVERT(F10/B$24,"Nmi","mm")) | H10: =IF(COUNTIF(B10,""),,MOD(Bearing(VLOOKUP(A10,WAYPOINTS!A:C,2,FALSE()),VLOOKUP(A10,WAYPOINTS!A:C,3,FALSE()),VLOOKUP(B10,WAYPOINTS!A:C,2,FALSE()),VLOOKUP(B10,WAYPOINTS!A:C,3,FALSE())),360)) | I10: =IFERROR(__xludf.DUMMYFUNCTION("IF(COUNTIF(B10,""""),,ROUND(SUBSTITUTE(IMPORTXML(""https://www.ngdc.noaa.gov/geomag-web/calculators/calculateDeclination?lat1=""&SUBSTITUTE(VLOOKUP(A10,WAYPOINTS!A:C,2,FALSE()),"","",""."")&""&lon1=""&SUBSTITUTE(VLOOKUP(A10,WAYPOINTS!A:C,3,FALSE()),"","","&"""."")&""&key=zNEw7&resultFormat=xml"",""//declination""),""."","",""),2))"),"") | J10: =IF(COUNTIF(B10,""),,ROUND(H10-I10,0)) | K10: =IF(COUNTIF(B10,""),,LOG!T$25) | L10: =IF(COUNTIF(B10,""),,LOG!T$26) | M10: =IF(COUNTIF(B10,""),,LOG!W$26) | N10: =IF(COUNTIF(B10,""),,60/M10) | O10: =IF(COUNTIF(B10,""),,N10*COS(RADIANS(P10))-(K10*COS(RADIANS(J10-L10)))) | P10: =IF(COUNTIF(B10,""),,DEGREES(ASIN(K10/N10*SIN(RADIANS(J10-L10))))) | Q10: =IF(COUNTIF(B10,""),,MOD(J10-P10,360)) | R10: =IF(COUNTIF(B10,""),,D10*60/N10) | S10: =IF(COUNTIF(B10,""),,D10*60/O10) | T10: =IF(COUNTIF(B10,""),,E10/S10)
A11: =IF(COUNTIF(B11,""),,B10) | B11: ='CALCULS BRANCHES'!B11 | D11: =IF(COUNTIF(B11,""),,ROUND(CONVERT(Distance(VLOOKUP(A11,WAYPOINTS!A:C,2,FALSE()),VLOOKUP(A11,WAYPOINTS!A:C,3,FALSE()),VLOOKUP(B11,WAYPOINTS!A:C,2,FALSE()),VLOOKUP(B11,WAYPOINTS!A:C,3,FALSE())),"m","Nmi"),1)) | E11: =IF(COUNTIF(B11,""),,CONVERT(D11/B$24,"Nmi","mm")) | F11: =IF(COUNTIF(C11,""),,ROUND(CONVERT(Distance(VLOOKUP(B11,WAYPOINTS!A:C,2,FALSE()),VLOOKUP(B11,WAYPOINTS!A:C,3,FALSE()),VLOOKUP(C11,WAYPOINTS!A:C,2,FALSE()),VLOOKUP(C11,WAYPOINTS!A:C,3,FALSE())),"m","Nmi"),1)) | G11: =IF(COUNTIF(C11,""),,CONVERT(F11/B$24,"Nmi","mm")) | H11: =IF(COUNTIF(B11,""),,MOD(Bearing(VLOOKUP(A11,WAYPOINTS!A:C,2,FALSE()),VLOOKUP(A11,WAYPOINTS!A:C,3,FALSE()),VLOOKUP(B11,WAYPOINTS!A:C,2,FALSE()),VLOOKUP(B11,WAYPOINTS!A:C,3,FALSE())),360)) | I11: =IFERROR(__xludf.DUMMYFUNCTION("IF(COUNTIF(B11,""""),,ROUND(SUBSTITUTE(IMPORTXML(""https://www.ngdc.noaa.gov/geomag-web/calculators/calculateDeclination?lat1=""&SUBSTITUTE(VLOOKUP(A11,WAYPOINTS!A:C,2,FALSE()),"","",""."")&""&lon1=""&SUBSTITUTE(VLOOKUP(A11,WAYPOINTS!A:C,3,FALSE()),"","","&"""."")&""&key=zNEw7&resultFormat=xml"",""//declination""),""."","",""),2))"),"") | J11: =IF(COUNTIF(B11,""),,ROUND(H11-I11,0)) | K11: =IF(COUNTIF(B11,""),,LOG!T$25) | L11: =IF(COUNTIF(B11,""),,LOG!T$26) | M11: =IF(COUNTIF(B11,""),,LOG!W$26) | N11: =IF(COUNTIF(B11,""),,60/M11) | O11: =IF(COUNTIF(B11,""),,N11*COS(RADIANS(P11))-(K11*COS(RADIANS(J11-L11)))) | P11: =IF(COUNTIF(B11,""),,DEGREES(ASIN(K11/N11*SIN(RADIANS(J11-L11))))) | Q11: =IF(COUNTIF(B11,""),,MOD(J11-P11,360)) | R11: =IF(COUNTIF(B11,""),,D11*60/N11) | S11: =IF(COUNTIF(B11,""),,D11*60/O11) | T11: =IF(COUNTIF(B11,""),,E11/S11)
A12: =IF(COUNTIF(B12,""),,B11) | B12: ='CALCULS BRANCHES'!B12 | D12: =IF(COUNTIF(B12,""),,ROUND(CONVERT(Distance(VLOOKUP(A12,WAYPOINTS!A:C,2,FALSE()),VLOOKUP(A12,WAYPOINTS!A:C,3,FALSE()),VLOOKUP(B12,WAYPOINTS!A:C,2,FALSE()),VLOOKUP(B12,WAYPOINTS!A:C,3,FALSE())),"m","Nmi"),1)) | E12: =IF(COUNTIF(B12,""),,CONVERT(D12/B$24,"Nmi","mm")) | F12: =IF(COUNTIF(C12,""),,ROUND(CONVERT(Distance(VLOOKUP(B12,WAYPOINTS!A:C,2,FALSE()),VLOOKUP(B12,WAYPOINTS!A:C,3,FALSE()),VLOOKUP(C12,WAYPOINTS!A:C,2,FALSE()),VLOOKUP(C12,WAYPOINTS!A:C,3,FALSE())),"m","Nmi"),1)) | G12: =IF(COUNTIF(C12,""),,CONVERT(F12/B$24,"Nmi","mm")) | H12: =IF(COUNTIF(B12,""),,MOD(Bearing(VLOOKUP(A12,WAYPOINTS!A:C,2,FALSE()),VLOOKUP(A12,WAYPOINTS!A:C,3,FALSE()),VLOOKUP(B12,WAYPOINTS!A:C,2,FALSE()),VLOOKUP(B12,WAYPOINTS!A:C,3,FALSE())),360)) | I12: =IFERROR(__xludf.DUMMYFUNCTION("IF(COUNTIF(B12,""""),,ROUND(SUBSTITUTE(IMPORTXML(""https://www.ngdc.noaa.gov/geomag-web/calculators/calculateDeclination?lat1=""&SUBSTITUTE(VLOOKUP(A12,WAYPOINTS!A:C,2,FALSE()),"","",""."")&""&lon1=""&SUBSTITUTE(VLOOKUP(A12,WAYPOINTS!A:C,3,FALSE()),"","","&"""."")&""&key=zNEw7&resultFormat=xml"",""//declination""),""."","",""),2))"),"") | J12: =IF(COUNTIF(B12,""),,ROUND(H12-I12,0)) | K12: =IF(COUNTIF(B12,""),,LOG!T$25) | L12: =IF(COUNTIF(B12,""),,LOG!T$26) | M12: =IF(COUNTIF(B12,""),,LOG!W$26) | N12: =IF(COUNTIF(B12,""),,60/M12) | O12: =IF(COUNTIF(B12,""),,N12*COS(RADIANS(P12))-(K12*COS(RADIANS(J12-L12)))) | P12: =IF(COUNTIF(B12,""),,DEGREES(ASIN(K12/N12*SIN(RADIANS(J12-L12))))) | Q12: =IF(COUNTIF(B12,""),,MOD(J12-P12,360)) | R12: =IF(COUNTIF(B12,""),,D12*60/N12) | S12: =IF(COUNTIF(B12,""),,D12*60/O12) | T12: =IF(COUNTIF(B12,""),,E12/S12)
A13: =IF(COUNTIF(B13,""),,B12) | B13: ='CALCULS BRANCHES'!B13 | D13: =IF(COUNTIF(B13,""),,ROUND(CONVERT(Distance(VLOOKUP(A13,WAYPOINTS!A:C,2,FALSE()),VLOOKUP(A13,WAYPOINTS!A:C,3,FALSE()),VLOOKUP(B13,WAYPOINTS!A:C,2,FALSE()),VLOOKUP(B13,WAYPOINTS!A:C,3,FALSE())),"m","Nmi"),1)) | E13: =IF(COUNTIF(B13,""),,CONVERT(D13/B$24,"Nmi","mm")) | F13: =IF(COUNTIF(C13,""),,ROUND(CONVERT(Distance(VLOOKUP(B13,WAYPOINTS!A:C,2,FALSE()),VLOOKUP(B13,WAYPOINTS!A:C,3,FALSE()),VLOOKUP(C13,WAYPOINTS!A:C,2,FALSE()),VLOOKUP(C13,WAYPOINTS!A:C,3,FALSE())),"m","Nmi"),1)) | G13: =IF(COUNTIF(C13,""),,CONVERT(F13/B$24,"Nmi","mm")) | H13: =IF(COUNTIF(B13,""),,MOD(Bearing(VLOOKUP(A13,WAYPOINTS!A:C,2,FALSE()),VLOOKUP(A13,WAYPOINTS!A:C,3,FALSE()),VLOOKUP(B13,WAYPOINTS!A:C,2,FALSE()),VLOOKUP(B13,WAYPOINTS!A:C,3,FALSE())),360)) | I13: =IFERROR(__xludf.DUMMYFUNCTION("IF(COUNTIF(B13,""""),,ROUND(SUBSTITUTE(IMPORTXML(""https://www.ngdc.noaa.gov/geomag-web/calculators/calculateDeclination?lat1=""&SUBSTITUTE(VLOOKUP(A13,WAYPOINTS!A:C,2,FALSE()),"","",""."")&""&lon1=""&SUBSTITUTE(VLOOKUP(A13,WAYPOINTS!A:C,3,FALSE()),"","","&"""."")&""&key=zNEw7&resultFormat=xml"",""//declination""),""."","",""),2))"),"") | J13: =IF(COUNTIF(B13,""),,H13-I13) | K13: =IF(COUNTIF(B13,""),,LOG!T$25) | L13: =IF(COUNTIF(B13,""),,LOG!T$26) | M13: =IF(COUNTIF(B13,""),,LOG!W$26) | N13: =IF(COUNTIF(B13,""),,60/M13) | O13: =IF(COUNTIF(B13,""),,N13*COS(RADIANS(P13))-(K13*COS(RADIANS(J13-L13)))) | P13: =IF(COUNTIF(B13,""),,DEGREES(ASIN(K13/N13*SIN(RADIANS(J13-L13))))) | Q13: =IF(COUNTIF(B13,""),,MOD(J13-P13,360)) | R13: =IF(COUNTIF(B13,""),,D13*60/N13) | S13: =IF(COUNTIF(B13,""),,D13*60/O13) | T13: =IF(COUNTIF(B13,""),,E13/S13)
A14: =IF(COUNTIF(B14,""),,B13) | B14: ='CALCULS BRANCHES'!B14 | D14: =IF(COUNTIF(B14,""),,ROUND(CONVERT(Distance(VLOOKUP(A14,WAYPOINTS!A:C,2,FALSE()),VLOOKUP(A14,WAYPOINTS!A:C,3,FALSE()),VLOOKUP(B14,WAYPOINTS!A:C,2,FALSE()),VLOOKUP(B14,WAYPOINTS!A:C,3,FALSE())),"m","Nmi"),1)) | E14: =IF(COUNTIF(B14,""),,CONVERT(D14/B$24,"Nmi","mm")) | F14: =IF(COUNTIF(C14,""),,ROUND(CONVERT(Distance(VLOOKUP(B14,WAYPOINTS!A:C,2,FALSE()),VLOOKUP(B14,WAYPOINTS!A:C,3,FALSE()),VLOOKUP(C14,WAYPOINTS!A:C,2,FALSE()),VLOOKUP(C14,WAYPOINTS!A:C,3,FALSE())),"m","Nmi"),1)) | G14: =IF(COUNTIF(C14,""),,CONVERT(F14/B$24,"Nmi","mm")) | H14: =IF(COUNTIF(B14,""),,MOD(Bearing(VLOOKUP(A14,WAYPOINTS!A:C,2,FALSE()),VLOOKUP(A14,WAYPOINTS!A:C,3,FALSE()),VLOOKUP(B14,WAYPOINTS!A:C,2,FALSE()),VLOOKUP(B14,WAYPOINTS!A:C,3,FALSE())),360)) | I14: =IFERROR(__xludf.DUMMYFUNCTION("IF(COUNTIF(B14,""""),,ROUND(SUBSTITUTE(IMPORTXML(""https://www.ngdc.noaa.gov/geomag-web/calculators/calculateDeclination?lat1=""&SUBSTITUTE(VLOOKUP(A14,WAYPOINTS!A:C,2,FALSE()),"","",""."")&""&lon1=""&SUBSTITUTE(VLOOKUP(A14,WAYPOINTS!A:C,3,FALSE()),"","","&"""."")&""&key=zNEw7&resultFormat=xml"",""//declination""),""."","",""),2))"),"") | J14: =IF(COUNTIF(B14,""),,H14-I14) | K14: =IF(COUNTIF(B14,""),,LOG!T$25) | L14: =IF(COUNTIF(B14,""),,LOG!T$26) | M14: =IF(COUNTIF(B14,""),,LOG!W$26) | N14: =IF(COUNTIF(B14,""),,60/M14) | O14: =IF(COUNTIF(B14,""),,N14*COS(RADIANS(P14))-(K14*COS(RADIANS(J14-L14)))) | P14: =IF(COUNTIF(B14,""),,DEGREES(ASIN(K14/N14*SIN(RADIANS(J14-L14))))) | Q14: =IF(COUNTIF(B14,""),,MOD(J14-P14,360)) | R14: =IF(COUNTIF(B14,""),,D14*60/N14) | S14: =IF(COUNTIF(B14,""),,D14*60/O14) | T14: =IF(COUNTIF(B14,""),,E14/S14)
A15: =IF(COUNTIF(B15,""),,B14) | B15: ='CALCULS BRANCHES'!B15 | D15: =IF(COUNTIF(B15,""),,ROUND(CONVERT(Distance(VLOOKUP(A15,WAYPOINTS!A:C,2,FALSE()),VLOOKUP(A15,WAYPOINTS!A:C,3,FALSE()),VLOOKUP(B15,WAYPOINTS!A:C,2,FALSE()),VLOOKUP(B15,WAYPOINTS!A:C,3,FALSE())),"m","Nmi"),1)) | E15: =IF(COUNTIF(B15,""),,CONVERT(D15/B$24,"Nmi","mm")) | F15: =IF(COUNTIF(C15,""),,ROUND(CONVERT(Distance(VLOOKUP(B15,WAYPOINTS!A:C,2,FALSE()),VLOOKUP(B15,WAYPOINTS!A:C,3,FALSE()),VLOOKUP(C15,WAYPOINTS!A:C,2,FALSE()),VLOOKUP(C15,WAYPOINTS!A:C,3,FALSE())),"m","Nmi"),1)) | G15: =IF(COUNTIF(C15,""),,CONVERT(F15/B$24,"Nmi","mm")) | H15: =IF(COUNTIF(B15,""),,MOD(Bearing(VLOOKUP(A15,WAYPOINTS!A:C,2,FALSE()),VLOOKUP(A15,WAYPOINTS!A:C,3,FALSE()),VLOOKUP(B15,WAYPOINTS!A:C,2,FALSE()),VLOOKUP(B15,WAYPOINTS!A:C,3,FALSE())),360)) | I15: =IFERROR(__xludf.DUMMYFUNCTION("IF(COUNTIF(B15,""""),,ROUND(SUBSTITUTE(IMPORTXML(""https://www.ngdc.noaa.gov/geomag-web/calculators/calculateDeclination?lat1=""&SUBSTITUTE(VLOOKUP(A15,WAYPOINTS!A:C,2,FALSE()),"","",""."")&""&lon1=""&SUBSTITUTE(VLOOKUP(A15,WAYPOINTS!A:C,3,FALSE()),"","","&"""."")&""&key=zNEw7&resultFormat=xml"",""//declination""),""."","",""),2))"),"") | J15: =IF(COUNTIF(B15,""),,H15-I15) | K15: =IF(COUNTIF(B15,""),,LOG!T$25) | L15: =IF(COUNTIF(B15,""),,LOG!T$26) | M15: =IF(COUNTIF(B15,""),,LOG!W$26) | N15: =IF(COUNTIF(B15,""),,60/M15) | O15: =IF(COUNTIF(B15,""),,N15*COS(RADIANS(P15))-(K15*COS(RADIANS(J15-L15)))) | P15: =IF(COUNTIF(B15,""),,DEGREES(ASIN(K15/N15*SIN(RADIANS(J15-L15))))) | Q15: =IF(COUNTIF(B15,""),,MOD(J15-P15,360)) | R15: =IF(COUNTIF(B15,""),,D15*60/N15) | S15: =IF(COUNTIF(B15,""),,D15*60/O15) | T15: =IF(COUNTIF(B15,""),,E15/S15)
A16: =IF(COUNTIF(B16,""),,B15) | B16: ='CALCULS BRANCHES'!B16 | D16: =IF(COUNTIF(B16,""),,ROUND(CONVERT(Distance(VLOOKUP(A16,WAYPOINTS!A:C,2,FALSE()),VLOOKUP(A16,WAYPOINTS!A:C,3,FALSE()),VLOOKUP(B16,WAYPOINTS!A:C,2,FALSE()),VLOOKUP(B16,WAYPOINTS!A:C,3,FALSE())),"m","Nmi"),1)) | E16: =IF(COUNTIF(B16,""),,CONVERT(D16/B$24,"Nmi","mm")) | F16: =IF(COUNTIF(C16,""),,ROUND(CONVERT(Distance(VLOOKUP(B16,WAYPOINTS!A:C,2,FALSE()),VLOOKUP(B16,WAYPOINTS!A:C,3,FALSE()),VLOOKUP(C16,WAYPOINTS!A:C,2,FALSE()),VLOOKUP(C16,WAYPOINTS!A:C,3,FALSE())),"m","Nmi"),1)) | G16: =IF(COUNTIF(C16,""),,CONVERT(F16/B$24,"Nmi","mm")) | H16: =IF(COUNTIF(B16,""),,MOD(Bearing(VLOOKUP(A16,WAYPOINTS!A:C,2,FALSE()),VLOOKUP(A16,WAYPOINTS!A:C,3,FALSE()),VLOOKUP(B16,WAYPOINTS!A:C,2,FALSE()),VLOOKUP(B16,WAYPOINTS!A:C,3,FALSE())),360)) | I16: =IFERROR(__xludf.DUMMYFUNCTION("IF(COUNTIF(B16,""""),,ROUND(SUBSTITUTE(IMPORTXML(""https://www.ngdc.noaa.gov/geomag-web/calculators/calculateDeclination?lat1=""&SUBSTITUTE(VLOOKUP(A16,WAYPOINTS!A:C,2,FALSE()),"","",""."")&""&lon1=""&SUBSTITUTE(VLOOKUP(A16,WAYPOINTS!A:C,3,FALSE()),"","","&"""."")&""&key=zNEw7&resultFormat=xml"",""//declination""),""."","",""),2))"),"") | J16: =IF(COUNTIF(B16,""),,H16-I16) | K16: =IF(COUNTIF(B16,""),,LOG!T$25) | L16: =IF(COUNTIF(B16,""),,LOG!T$26) | M16: =IF(COUNTIF(B16,""),,LOG!W$26) | N16: =IF(COUNTIF(B16,""),,60/M16) | O16: =IF(COUNTIF(B16,""),,N16*COS(RADIANS(P16))-(K16*COS(RADIANS(J16-L16)))) | P16: =IF(COUNTIF(B16,""),,DEGREES(ASIN(K16/N16*SIN(RADIANS(J16-L16))))) | Q16: =IF(COUNTIF(B16,""),,MOD(J16-P16,360)) | R16: =IF(COUNTIF(B16,""),,D16*60/N16) | S16: =IF(COUNTIF(B16,""),,D16*60/O16) | T16: =IF(COUNTIF(B16,""),,E16/S16)
A17: =IF(COUNTIF(B17,""),,B16) | B17: ='CALCULS BRANCHES'!B17 | D17: =IF(COUNTIF(B17,""),,ROUND(CONVERT(Distance(VLOOKUP(A17,WAYPOINTS!A:C,2,FALSE()),VLOOKUP(A17,WAYPOINTS!A:C,3,FALSE()),VLOOKUP(B17,WAYPOINTS!A:C,2,FALSE()),VLOOKUP(B17,WAYPOINTS!A:C,3,FALSE())),"m","Nmi"),1)) | E17: =IF(COUNTIF(B17,""),,CONVERT(D17/B$24,"Nmi","mm")) | F17: =IF(COUNTIF(C17,""),,ROUND(CONVERT(Distance(VLOOKUP(B17,WAYPOINTS!A:C,2,FALSE()),VLOOKUP(B17,WAYPOINTS!A:C,3,FALSE()),VLOOKUP(C17,WAYPOINTS!A:C,2,FALSE()),VLOOKUP(C17,WAYPOINTS!A:C,3,FALSE())),"m","Nmi"),1)) | G17: =IF(COUNTIF(C17,""),,CONVERT(F17/B$24,"Nmi","mm")) | H17: =IF(COUNTIF(B17,""),,MOD(Bearing(VLOOKUP(A17,WAYPOINTS!A:C,2,FALSE()),VLOOKUP(A17,WAYPOINTS!A:C,3,FALSE()),VLOOKUP(B17,WAYPOINTS!A:C,2,FALSE()),VLOOKUP(B17,WAYPOINTS!A:C,3,FALSE())),360)) | I17: =IFERROR(__xludf.DUMMYFUNCTION("IF(COUNTIF(B17,""""),,ROUND(SUBSTITUTE(IMPORTXML(""https://www.ngdc.noaa.gov/geomag-web/calculators/calculateDeclination?lat1=""&SUBSTITUTE(VLOOKUP(A17,WAYPOINTS!A:C,2,FALSE()),"","",""."")&""&lon1=""&SUBSTITUTE(VLOOKUP(A17,WAYPOINTS!A:C,3,FALSE()),"","","&"""."")&""&key=zNEw7&resultFormat=xml"",""//declination""),""."","",""),2))"),"") | J17: =IF(COUNTIF(B17,""),,H17-I17) | K17: =IF(COUNTIF(B17,""),,LOG!T$25) | L17: =IF(COUNTIF(B17,""),,LOG!T$26) | M17: =IF(COUNTIF(B17,""),,LOG!W$26) | N17: =IF(COUNTIF(B17,""),,60/M17) | O17: =IF(COUNTIF(B17,""),,N17*COS(RADIANS(P17))-(K17*COS(RADIANS(J17-L17)))) | P17: =IF(COUNTIF(B17,""),,DEGREES(ASIN(K17/N17*SIN(RADIANS(J17-L17))))) | Q17: =IF(COUNTIF(B17,""),,MOD(J17-P17,360)) | R17: =IF(COUNTIF(B17,""),,D17*60/N17) | S17: =IF(COUNTIF(B17,""),,D17*60/O17) | T17: =IF(COUNTIF(B17,""),,E17/S17)
A18: =IF(COUNTIF(B18,""),,B17) | B18: ='CALCULS BRANCHES'!B18 | D18: =IF(COUNTIF(B18,""),,ROUND(CONVERT(Distance(VLOOKUP(A18,WAYPOINTS!A:C,2,FALSE()),VLOOKUP(A18,WAYPOINTS!A:C,3,FALSE()),VLOOKUP(B18,WAYPOINTS!A:C,2,FALSE()),VLOOKUP(B18,WAYPOINTS!A:C,3,FALSE())),"m","Nmi"),1)) | E18: =IF(COUNTIF(B18,""),,CONVERT(D18/B$24,"Nmi","mm")) | F18: =IF(COUNTIF(C18,""),,ROUND(CONVERT(Distance(VLOOKUP(B18,WAYPOINTS!A:C,2,FALSE()),VLOOKUP(B18,WAYPOINTS!A:C,3,FALSE()),VLOOKUP(C18,WAYPOINTS!A:C,2,FALSE()),VLOOKUP(C18,WAYPOINTS!A:C,3,FALSE())),"m","Nmi"),1)) | G18: =IF(COUNTIF(C18,""),,CONVERT(F18/B$24,"Nmi","mm")) | H18: =IF(COUNTIF(B18,""),,MOD(Bearing(VLOOKUP(A18,WAYPOINTS!A:C,2,FALSE()),VLOOKUP(A18,WAYPOINTS!A:C,3,FALSE()),VLOOKUP(B18,WAYPOINTS!A:C,2,FALSE()),VLOOKUP(B18,WAYPOINTS!A:C,3,FALSE())),360)) | I18: =IFERROR(__xludf.DUMMYFUNCTION("IF(COUNTIF(B18,""""),,ROUND(SUBSTITUTE(IMPORTXML(""https://www.ngdc.noaa.gov/geomag-web/calculators/calculateDeclination?lat1=""&SUBSTITUTE(VLOOKUP(A18,WAYPOINTS!A:C,2,FALSE()),"","",""."")&""&lon1=""&SUBSTITUTE(VLOOKUP(A18,WAYPOINTS!A:C,3,FALSE()),"","","&"""."")&""&key=zNEw7&resultFormat=xml"",""//declination""),""."","",""),2))"),"") | J18: =IF(COUNTIF(B18,""),,H18-I18) | K18: =IF(COUNTIF(B18,""),,LOG!T$25) | L18: =IF(COUNTIF(B18,""),,LOG!T$26) | M18: =IF(COUNTIF(B18,""),,LOG!W$26) | N18: =IF(COUNTIF(B18,""),,60/M18) | O18: =IF(COUNTIF(B18,""),,N18*COS(RADIANS(P18))-(K18*COS(RADIANS(J18-L18)))) | P18: =IF(COUNTIF(B18,""),,DEGREES(ASIN(K18/N18*SIN(RADIANS(J18-L18))))) | Q18: =IF(COUNTIF(B18,""),,MOD(J18-P18,360)) | R18: =IF(COUNTIF(B18,""),,D18*60/N18) | S18: =IF(COUNTIF(B18,""),,D18*60/O18) | T18: =IF(COUNTIF(B18,""),,E18/S18)
A19: =IF(COUNTIF(B19,""),,B18) | B19: ='CALCULS BRANCHES'!B19 | D19: =IF(COUNTIF(B19,""),,ROUND(CONVERT(Distance(VLOOKUP(A19,WAYPOINTS!A:C,2,FALSE()),VLOOKUP(A19,WAYPOINTS!A:C,3,FALSE()),VLOOKUP(B19,WAYPOINTS!A:C,2,FALSE()),VLOOKUP(B19,WAYPOINTS!A:C,3,FALSE())),"m","Nmi"),1)) | E19: =IF(COUNTIF(B19,""),,CONVERT(D19/B$24,"Nmi","mm")) | F19: =IF(COUNTIF(C19,""),,ROUND(CONVERT(Distance(VLOOKUP(B19,WAYPOINTS!A:C,2,FALSE()),VLOOKUP(B19,WAYPOINTS!A:C,3,FALSE()),VLOOKUP(C19,WAYPOINTS!A:C,2,FALSE()),VLOOKUP(C19,WAYPOINTS!A:C,3,FALSE())),"m","Nmi"),1)) | G19: =IF(COUNTIF(C19,""),,CONVERT(F19/B$24,"Nmi","mm")) | H19: =IF(COUNTIF(B19,""),,MOD(Bearing(VLOOKUP(A19,WAYPOINTS!A:C,2,FALSE()),VLOOKUP(A19,WAYPOINTS!A:C,3,FALSE()),VLOOKUP(B19,WAYPOINTS!A:C,2,FALSE()),VLOOKUP(B19,WAYPOINTS!A:C,3,FALSE())),360)) | I19: =IFERROR(__xludf.DUMMYFUNCTION("IF(COUNTIF(B19,""""),,ROUND(SUBSTITUTE(IMPORTXML(""https://www.ngdc.noaa.gov/geomag-web/calculators/calculateDeclination?lat1=""&SUBSTITUTE(VLOOKUP(A19,WAYPOINTS!A:C,2,FALSE()),"","",""."")&""&lon1=""&SUBSTITUTE(VLOOKUP(A19,WAYPOINTS!A:C,3,FALSE()),"","","&"""."")&""&key=zNEw7&resultFormat=xml"",""//declination""),""."","",""),2))"),"") | J19: =IF(COUNTIF(B19,""),,H19-I19) | K19: =IF(COUNTIF(B19,""),,LOG!T$25) | L19: =IF(COUNTIF(B19,""),,LOG!T$26) | M19: =IF(COUNTIF(B19,""),,LOG!W$26) | N19: =IF(COUNTIF(B19,""),,60/M19) | O19: =IF(COUNTIF(B19,""),,N19*COS(RADIANS(P19))-(K19*COS(RADIANS(J19-L19)))) | P19: =IF(COUNTIF(B19,""),,DEGREES(ASIN(K19/N19*SIN(RADIANS(J19-L19))))) | Q19: =IF(COUNTIF(B19,""),,MOD(J19-P19,360)) | R19: =IF(COUNTIF(B19,""),,D19*60/N19) | S19: =IF(COUNTIF(B19,""),,D19*60/O19) | T19: =IF(COUNTIF(B19,""),,E19/S19)
A24: Scale | B24: 500000

Sheet WINTEM
A1: From | B1: To | C1: Mid Seg Lat | D1: Mid Seg Lon | E1: Wind_Direction | F1: Vw | G1: Dw | I1: RefDate: | J1: ="2024-12-31" -> 2024-12-31 | M1: ObsTime | N1: ObsDate | O1: ObsDate&Time | Q1: Height
A2: ='CALCULS BRANCHES'!A2 -> LFXU | B2: ='CALCULS BRANCHES'!B2 -> PTSW | C2: =IF(COUNTIF($B2,""),,AVERAGE(VLOOKUP($A2,WAYPOINTS!A:C,2,FALSE),VLOOKUP($B2,WAYPOINTS!A:C,2,FALSE))) -> 48.98458 | D2: =IF(COUNTIF($B2,""),,AVERAGE(VLOOKUP($A2,WAYPOINTS!A:C,3,FALSE),VLOOKUP($B2,WAYPOINTS!A:C,3,FALSE))) -> 1.868889 | E2: =IF(COUNTIF(B2,""),,GetWind(C2,D2,$J$13)) -> #ERROR! | F2: =IFERROR(__xludf.DUMMYFUNCTION("IF(COUNTIF(B2,""""),,IF(ISERROR(E2),SPLIT(""0_0"",""_""),SPLIT(E2,""_"")))"),0.0) -> 0 | G2: =IFERROR(__xludf.DUMMYFUNCTION("""COMPUTED_VALUE"""),0.0) -> 0 | I2: RefTime: | J2: 12 | L2: 1 | M2: =MOD($J$2+L2,24) -> 13 | N2: =CONCAT(LEFT($J$1,8), TEXT(RIGHT($J$1,2)+ROUNDDOWN(($J$2+L2)/24,0),"00")) -> 2024-12-31 | O2: =N2&" "&TEXT(M2,"00") -> 2024-12-31 13 | Q2: 2
A3: =IF(COUNTIF(B3,""),,B2) -> PTSW | B3: ='CALCULS BRANCHES'!B3 -> MEZER | C3: =IF(COUNTIF($B3,""),,AVERAGE(VLOOKUP($A3,WAYPOINTS!A:C,2,FALSE),VLOOKUP($B3,WAYPOINTS!A:C,2,FALSE))) -> 48.95194 | D3: =IF(COUNTIF($B3,""),,AVERAGE(VLOOKUP($A3,WAYPOINTS!A:C,3,FALSE),VLOOKUP($B3,WAYPOINTS!A:C,3,FALSE))) -> 1.7695835 | E3: =IF(COUNTIF(B3,""),,GetWind(C3,D3,$J$13)) -> #ERROR! | F3: =IFERROR(__xludf.DUMMYFUNCTION("IF(COUNTIF(B3,""""),,IF(ISERROR(E3),SPLIT(""0_0"",""_""),SPLIT(E3,""_"")))"),0.0) -> 0 | G3: =IFERROR(__xludf.DUMMYFUNCTION("""COMPUTED_VALUE"""),0.0) -> 0 | I3: ObsDate&Time: | J3: 2024-12-31 16 | L3: 2 | M3: =MOD($J$2+L3,24) -> 14 | N3: =CONCAT(LEFT($J$1,8), TEXT(RIGHT($J$1,2)+ROUNDDOWN(($J$2+L3)/24,0),"00")) -> 2024-12-31 | O3: =N3&" "&TEXT(M3,"00") -> 2024-12-31 14 | Q3: 10
A4: =IF(COUNTIF(B4,""),,B3) -> MEZER | B4: ='CALCULS BRANCHES'!B4 -> N12HE | C4: =IF(COUNTIF($B4,""),,AVERAGE(VLOOKUP($A4,WAYPOINTS!A:C,2,FALSE),VLOOKUP($B4,WAYPOINTS!A:C,2,FALSE))) -> 48.86598 | D4: =IF(COUNTIF($B4,""),,AVERAGE(VLOOKUP($A4,WAYPOINTS!A:C,3,FALSE),VLOOKUP($B4,WAYPOINTS!A:C,3,FALSE))) -> 1.7240905 | E4: =IF(COUNTIF(B4,""),,GetWind(C4,D4,$J$13)) -> #ERROR! | F4: =IFERROR(__xludf.DUMMYFUNCTION("IF(COUNTIF(B4,""""),,IF(ISERROR(E4),SPLIT(""0_0"",""_""),SPLIT(E4,""_"")))"),0.0) -> 0 | G4: =IFERROR(__xludf.DUMMYFUNCTION("""COMPUTED_VALUE"""),0.0) -> 0 | I4: ObsDate: | J4: =LEFT(J3,10) -> 2024-12-31 | L4: 3 | M4: =MOD($J$2+L4,24) -> 15 | N4: =CONCAT(LEFT($J$1,8), TEXT(RIGHT($J$1,2)+ROUNDDOWN(($J$2+L4)/24,0),"00")) -> 2024-12-31 | O4: =N4&" "&TEXT(M4,"00") -> 2024-12-31 15 | Q4: 20
A5: =IF(COUNTIF(B5,""),,B4) -> N12HE | B5: ='CALCULS BRANCHES'!B5 -> EPR | C5: =IF(COUNTIF($B5,""),,AVERAGE(VLOOKUP($A5,WAYPOINTS!A:C,2,FALSE),VLOOKUP($B5,WAYPOINTS!A:C,2,FALSE))) -> 48.71216 | D5: =IF(COUNTIF($B5,""),,AVERAGE(VLOOKUP($A5,WAYPOINTS!A:C,3,FALSE),VLOOKUP($B5,WAYPOINTS!A:C,3,FALSE))) -> 1.680847 | E5: =IF(COUNTIF(B5,""),,GetWind(C5,D5,$J$13)) -> #ERROR! | F5: =IFERROR(__xludf.DUMMYFUNCTION("IF(COUNTIF(B5,""""),,IF(ISERROR(E5),SPLIT(""0_0"",""_""),SPLIT(E5,""_"")))"),0.0) -> 0 | G5: =IFERROR(__xludf.DUMMYFUNCTION("""COMPUTED_VALUE"""),0.0) -> 0 | I5: ObsTime: | J5: =RIGHT(J3,2) -> 16 | L5: 4 | M5: =MOD($J$2+L5,24) -> 16 | N5: =CONCAT(LEFT($J$1,8), TEXT(RIGHT($J$1,2)+ROUNDDOWN(($J$2+L5)/24,0),"00")) -> 2024-12-31 | O5: =N5&" "&TEXT(M5,"00") -> 2024-12-31 16 | Q5: 35
A6: =IF(COUNTIF(B6,""),,B5) -> EPR | B6: ='CALCULS BRANCHES'!B6 -> LFOR | C6: =IF(COUNTIF($B6,""),,AVERAGE(VLOOKUP($A6,WAYPOINTS!A:C,2,FALSE),VLOOKUP($B6,WAYPOINTS!A:C,2,FALSE))) -> 48.54229 | D6: =IF(COUNTIF($B6,""),,AVERAGE(VLOOKUP($A6,WAYPOINTS!A:C,3,FALSE),VLOOKUP($B6,WAYPOINTS!A:C,3,FALSE))) -> 1.590229 | E6: =IF(COUNTIF(B6,""),,GetWind(C6,D6,$J$13)) -> #ERROR! | F6: =IFERROR(__xludf.DUMMYFUNCTION("IF(COUNTIF(B6,""""),,IF(ISERROR(E6),SPLIT(""0_0"",""_""),SPLIT(E6,""_"")))"),0.0) -> 0 | G6: =IFERROR(__xludf.DUMMYFUNCTION("""COMPUTED_VALUE"""),0.0) -> 0 | I6: Height (m) | J6: =VLOOKUP(J9,Q2:Q27,1,TRUE) -> 500 | L6: 5 | M6: =MOD($J$2+L6,24) -> 17 | N6: =CONCAT(LEFT($J$1,8), TEXT(RIGHT($J$1,2)+ROUNDDOWN(($J$2+L6)/24,0),"00")) -> 2024-12-31 | O6: =N6&" "&TEXT(M6,"00") -> 2024-12-31 17 | Q6: 50
A7: =IF(COUNTIF(B7,""),,B6) -> LFOR | B7: ='CALCULS BRANCHES'!B7 -> LFON | C7: =IF(COUNTIF($B7,""),,AVERAGE(VLOOKUP($A7,WAYPOINTS!A:C,2,FALSE),VLOOKUP($B7,WAYPOINTS!A:C,2,FALSE))) -> 48.58236 | D7: =IF(COUNTIF($B7,""),,AVERAGE(VLOOKUP($A7,WAYPOINTS!A:C,3,FALSE),VLOOKUP($B7,WAYPOINTS!A:C,3,FALSE))) -> 1.442639 | E7: =IF(COUNTIF(B7,""),,GetWind(C7,D7,$J$13)) -> #ERROR! | F7: =IFERROR(__xludf.DUMMYFUNCTION("IF(COUNTIF(B7,""""),,IF(ISERROR(E7),SPLIT(""0_0"",""_""),SPLIT(E7,""_"")))"),0.0) -> 0 | G7: =IFERROR(__xludf.DUMMYFUNCTION("""COMPUTED_VALUE"""),0.0) -> 0 | I7: Height (ft) | J7: =CONVERT(J6,"m","ft") -> 1640.4199 | L7: 6 | M7: =MOD($J$2+L7,24) -> 18 | N7: =CONCAT(LEFT($J$1,8), TEXT(RIGHT($J$1,2)+ROUNDDOWN(($J$2+L7)/24,0),"00")) -> 2024-12-31 | O7: =N7&" "&TEXT(M7,"00") -> 2024-12-31 18 | Q7: 75
A8: =IF(COUNTIF(B8,""),,B7) | B8: ='CALCULS BRANCHES'!B8 | C8: =IF(COUNTIF($B8,""),,AVERAGE(VLOOKUP($A8,WAYPOINTS!A:C,2,FALSE),VLOOKUP($B8,WAYPOINTS!A:C,2,FALSE))) | D8: =IF(COUNTIF($B8,""),,AVERAGE(VLOOKUP($A8,WAYPOINTS!A:C,3,FALSE),VLOOKUP($B8,WAYPOINTS!A:C,3,FALSE))) | E8: =IF(COUNTIF(B8,""),,GetWind(C8,D8,$J$13)) | F8: =IFERROR(__xludf.DUMMYFUNCTION("IF(COUNTIF(B8,""""),,IF(ISERROR(E8),SPLIT(""0_0"",""_""),SPLIT(E8,""_"")))"),"") | I8: Average MSL (ft) | J8: =J10-AVERAGE('CALCULS BRANCHES'!L2:L19) -> 1498.8333 | L8: 7 | M8: =MOD($J$2+L8,24) -> 19 | N8: =CONCAT(LEFT($J$1,8), TEXT(RIGHT($J$1,2)+ROUNDDOWN(($J$2+L8)/24,0),"00")) -> 2024-12-31 | O8: =N8&" "&TEXT(M8,"00") -> 2024-12-31 19 | Q8: 100
A9: =IF(COUNTIF(B9,""),,B8) | B9: ='CALCULS BRANCHES'!B9 | C9: =IF(COUNTIF($B9,""),,AVERAGE(VLOOKUP($A9,WAYPOINTS!A:C,2,FALSE),VLOOKUP($B9,WAYPOINTS!A:C,2,FALSE))) | D9: =IF(COUNTIF($B9,""),,AVERAGE(VLOOKUP($A9,WAYPOINTS!A:C,3,FALSE),VLOOKUP($B9,WAYPOINTS!A:C,3,FALSE))) | E9: =IF(COUNTIF(B9,""),,GetWind(C9,D9,$J$13)) | F9: =IFERROR(__xludf.DUMMYFUNCTION("IF(COUNTIF(B9,""""),,IF(ISERROR(E9),SPLIT(""0_0"",""_""),SPLIT(E9,""_"")))"),"") | I9: Average MSL (m) | J9: =ROUND(CONVERT(J8,"ft","m"),-2) -> 500 | L9: 8 | M9: =MOD($J$2+L9,24) -> 20 | N9: =CONCAT(LEFT($J$1,8), TEXT(RIGHT($J$1,2)+ROUNDDOWN(($J$2+L9)/24,0),"00")) -> 2024-12-31 | O9: =N9&" "&TEXT(M9,"00") -> 2024-12-31 20 | Q9: 150
A10: =IF(COUNTIF(B10,""),,B9) | B10: ='CALCULS BRANCHES'!B10 | C10: =IF(COUNTIF($B10,""),,AVERAGE(VLOOKUP($A10,WAYPOINTS!A:C,2,FALSE),VLOOKUP($B10,WAYPOINTS!A:C,2,FALSE))) | D10: =IF(COUNTIF($B10,""),,AVERAGE(VLOOKUP($A10,WAYPOINTS!A:C,3,FALSE),VLOOKUP($B10,WAYPOINTS!A:C,3,FALSE))) | E10: =IF(COUNTIF(B10,""),,GetWind(C10,D10,$J$13)) | F10: =IFERROR(__xludf.DUMMYFUNCTION("IF(COUNTIF(B10,""""),,IF(ISERROR(E10),SPLIT(""0_0"",""_""),SPLIT(E10,""_"")))"),"") | I10: Cruise Alt (ft) | J10: 1900 | L10: 9 | M10: =MOD($J$2+L10,24) -> 21 | N10: =CONCAT(LEFT($J$1,8), TEXT(RIGHT($J$1,2)+ROUNDDOWN(($J$2+L10)/24,0),"00")) -> 2024-12-31 | O10: =N10&" "&TEXT(M10,"00") -> 2024-12-31 21 | Q10: 200
A11: =IF(COUNTIF(B11,""),,B10) | B11: ='CALCULS BRANCHES'!B11 | C11: =IF(COUNTIF($B11,""),,AVERAGE(VLOOKUP($A11,WAYPOINTS!A:C,2,FALSE),VLOOKUP($B11,WAYPOINTS!A:C,2,FALSE))) | D11: =IF(COUNTIF($B11,""),,AVERAGE(VLOOKUP($A11,WAYPOINTS!A:C,3,FALSE),VLOOKUP($B11,WAYPOINTS!A:C,3,FALSE))) | E11: =IF(COUNTIF(B11,""),,GetWind(C11,D11,$J$13)) | F11: =IFERROR(__xludf.DUMMYFUNCTION("IF(COUNTIF(B11,""""),,IF(ISERROR(E11),SPLIT(""0_0"",""_""),SPLIT(E11,""_"")))"),"") | I11: Coverages (U ; V) | J11: =GetCoverages(J1,J2,J4,J5,J6,C23,D23,C24,D24) -> #ERROR! | L11: 10 | M11: =MOD($J$2+L11,24) -> 22 | N11: =CONCAT(LEFT($J$1,8), TEXT(RIGHT($J$1,2)+ROUNDDOWN(($J$2+L11)/24,0),"00")) -> 2024-12-31 | O11: =N11&" "&TEXT(M11,"00") -> 2024-12-31 22 | Q11: 250
A12: =IF(COUNTIF(B12,""),,B11) | B12: ='CALCULS BRANCHES'!B12 | C12: =IF(COUNTIF($B12,""),,AVERAGE(VLOOKUP($A12,WAYPOINTS!A:C,2,FALSE),VLOOKUP($B12,WAYPOINTS!A:C,2,FALSE))) | D12: =IF(COUNTIF($B12,""),,AVERAGE(VLOOKUP($A12,WAYPOINTS!A:C,3,FALSE),VLOOKUP($B12,WAYPOINTS!A:C,3,FALSE))) | E12: =IF(COUNTIF(B12,""),,GetWind(C12,D12,$J$13)) | F12: =IFERROR(__xludf.DUMMYFUNCTION("IF(COUNTIF(B12,""""),,IF(ISERROR(E12),SPLIT(""0_0"",""_""),SPLIT(E12,""_"")))"),"") | L12: 11 | M12: =MOD($J$2+L12,24) -> 23 | N12: =CONCAT(LEFT($J$1,8), TEXT(RIGHT($J$1,2)+ROUNDDOWN(($J$2+L12)/24,0),"00")) -> 2024-12-31 | O12: =N12&" "&TEXT(M12,"00") -> 2024-12-31 23 | Q12: 375
A13: =IF(COUNTIF(B13,""),,B12) | B13: ='CALCULS BRANCHES'!B13 | C13: =IF(COUNTIF($B13,""),,AVERAGE(VLOOKUP($A13,WAYPOINTS!A:C,2,FALSE),VLOOKUP($B13,WAYPOINTS!A:C,2,FALSE))) | D13: =IF(COUNTIF($B13,""),,AVERAGE(VLOOKUP($A13,WAYPOINTS!A:C,3,FALSE),VLOOKUP($B13,WAYPOINTS!A:C,3,FALSE))) | E13: =IF(COUNTIF(B13,""),,GetWind(C13,D13,$J$13)) | F13: =IFERROR(__xludf.DUMMYFUNCTION("IF(COUNTIF(B13,""""),,IF(ISERROR(E13),SPLIT(""0_0"",""_""),SPLIT(E13,""_"")))"),"") | I13: Tolerance | J13: 0.5 | L13: 12 | M13: =MOD($J$2+L13,24) -> 0 | N13: =CONCAT(LEFT($J$1,8), TEXT(RIGHT($J$1,2)+ROUNDDOWN(($J$2+L13)/24,0),"00")) -> 2024-12-32 | O13: =N13&" "&TEXT(M13,"00") -> 2024-12-32 00 | Q13: 500
A14: =IF(COUNTIF(B14,""),,B13) | B14: ='CALCULS BRANCHES'!B14 | C14: =IF(COUNTIF($B14,""),,AVERAGE(VLOOKUP($A14,WAYPOINTS!A:C,2,FALSE),VLOOKUP($B14,WAYPOINTS!A:C,2,FALSE))) | D14: =IF(COUNTIF($B14,""),,AVERAGE(VLOOKUP($A14,WAYPOINTS!A:C,3,FALSE),VLOOKUP($B14,WAYPOINTS!A:C,3,FALSE))) | E14: =IF(COUNTIF(B14,""),,GetWind(C14,D14,$J$13)) | F14: =IFERROR(__xludf.DUMMYFUNCTION("IF(COUNTIF(B14,""""),,IF(ISERROR(E14),SPLIT(""0_0"",""_""),SPLIT(E14,""_"")))"),"") | L14: 15 | M14: =MOD($J$2+L14,24) -> 3 | N14: =CONCAT(LEFT($J$1,8), TEXT(RIGHT($J$1,2)+ROUNDDOWN(($J$2+L14)/24,0),"00")) -> 2024-12-32 | O14: =N14&" "&TEXT(M14,"00") -> 2024-12-32 03 | Q14: 625
A15: =IF(COUNTIF(B15,""),,B14) | B15: ='CALCULS BRANCHES'!B15 | C15: =IF(COUNTIF($B15,""),,AVERAGE(VLOOKUP($A15,WAYPOINTS!A:C,2,FALSE),VLOOKUP($B15,WAYPOINTS!A:C,2,FALSE))) | D15: =IF(COUNTIF($B15,""),,AVERAGE(VLOOKUP($A15,WAYPOINTS!A:C,3,FALSE),VLOOKUP($B15,WAYPOINTS!A:C,3,FALSE))) | E15: =IF(COUNTIF(B15,""),,GetWind(C15,D15,$J$13)) | F15: =IFERROR(__xludf.DUMMYFUNCTION("IF(COUNTIF(B15,""""),,IF(ISERROR(E15),SPLIT(""0_0"",""_""),SPLIT(E15,""_"")))"),"") | I15: Mode | J15: Manual | K15: Manual | L15: 18 | M15: =MOD($J$2+L15,24) -> 6 | N15: =CONCAT(LEFT($J$1,8), TEXT(RIGHT($J$1,2)+ROUNDDOWN(($J$2+L15)/24,0),"00")) -> 2024-12-32 | O15: =N15&" "&TEXT(M15,"00") -> 2024-12-32 06 | Q15: 750
A16: =IF(COUNTIF(B16,""),,B15) | B16: ='CALCULS BRANCHES'!B16 | C16: =IF(COUNTIF($B16,""),,AVERAGE(VLOOKUP($A16,WAYPOINTS!A:C,2,FALSE),VLOOKUP($B16,WAYPOINTS!A:C,2,FALSE))) | D16: =IF(COUNTIF($B16,""),,AVERAGE(VLOOKUP($A16,WAYPOINTS!A:C,3,FALSE),VLOOKUP($B16,WAYPOINTS!A:C,3,FALSE))) | E16: =IF(COUNTIF(B16,""),,GetWind(C16,D16,$J$13)) | F16: =IFERROR(__xludf.DUMMYFUNCTION("IF(COUNTIF(B16,""""),,IF(ISERROR(E16),SPLIT(""0_0"",""_""),SPLIT(E16,""_"")))"),"") | K16: Average | L16: 21 | M16: =MOD($J$2+L16,24) -> 9 | N16: =CONCAT(LEFT($J$1,8), TEXT(RIGHT($J$1,2)+ROUNDDOWN(($J$2+L16)/24,0),"00")) -> 2024-12-32 | O16: =N16&" "&TEXT(M16,"00") -> 2024-12-32 09 | Q16: 875
A17: =IF(COUNTIF(B17,""),,B16) | B17: ='CALCULS BRANCHES'!B17 | C17: =IF(COUNTIF($B17,""),,AVERAGE(VLOOKUP($A17,WAYPOINTS!A:C,2,FALSE),VLOOKUP($B17,WAYPOINTS!A:C,2,FALSE))) | D17: =IF(COUNTIF($B17,""),,AVERAGE(VLOOKUP($A17,WAYPOINTS!A:C,3,FALSE),VLOOKUP($B17,WAYPOINTS!A:C,3,FALSE))) | E17: =IF(COUNTIF(B17,""),,GetWind(C17,D17,$J$13)) | F17: =IFERROR(__xludf.DUMMYFUNCTION("IF(COUNTIF(B17,""""),,IF(ISERROR(E17),SPLIT(""0_0"",""_""),SPLIT(E17,""_"")))"),"") | K17: Detailed | L17: 24 | M17: =MOD($J$2+L17,24) -> 12 | N17: =CONCAT(LEFT($J$1,8), TEXT(RIGHT($J$1,2)+ROUNDDOWN(($J$2+L17)/24,0),"00")) -> 2024-12-32 | O17: =N17&" "&TEXT(M17,"00") -> 2024-12-32 12 | Q17: 1000
A18: =IF(COUNTIF(B18,""),,B17) | B18: ='CALCULS BRANCHES'!B18 | C18: =IF(COUNTIF($B18,""),,AVERAGE(VLOOKUP($A18,WAYPOINTS!A:C,2,FALSE),VLOOKUP($B18,WAYPOINTS!A:C,2,FALSE))) | D18: =IF(COUNTIF($B18,""),,AVERAGE(VLOOKUP($A18,WAYPOINTS!A:C,3,FALSE),VLOOKUP($B18,WAYPOINTS!A:C,3,FALSE))) | E18: =IF(COUNTIF(B18,""),,GetWind(C18,D18,$J$13)) | F18: =IFERROR(__xludf.DUMMYFUNCTION("IF(COUNTIF(B18,""""),,IF(ISERROR(E18),SPLIT(""0_0"",""_""),SPLIT(E18,""_"")))"),"") | L18: 27 | M18: =MOD($J$2+L18,24) -> 15 | N18: =CONCAT(LEFT($J$1,8), TEXT(RIGHT($J$1,2)+ROUNDDOWN(($J$2+L18)/24,0),"00")) -> 2024-12-32 | O18: =N18&" "&TEXT(M18,"00") -> 2024-12-32 15 | Q18: 1125
A19: =IF(COUNTIF(B19,""),,B18) | B19: ='CALCULS BRANCHES'!B19 | C19: =IF(COUNTIF($B19,""),,AVERAGE(VLOOKUP($A19,WAYPOINTS!A:C,2,FALSE),VLOOKUP($B19,WAYPOINTS!A:C,2,FALSE))) | D19: =IF(COUNTIF($B19,""),,AVERAGE(VLOOKUP($A19,WAYPOINTS!A:C,3,FALSE),VLOOKUP($B19,WAYPOINTS!A:C,3,FALSE))) | E19: =IF(COUNTIF(B19,""),,GetWind(C19,D19,$J$13)) | F19: =IFERROR(__xludf.DUMMYFUNCTION("IF(COUNTIF(B19,""""),,IF(ISERROR(E19),SPLIT(""0_0"",""_""),SPLIT(E19,""_"")))"),"") | I19: Manual | L19: 30 | M19: =MOD($J$2+L19,24) -> 18 | N19: =CONCAT(LEFT($J$1,8), TEXT(RIGHT($J$1,2)+ROUNDDOWN(($J$2+L19)/24,0),"00")) -> 2024-12-32 | O19: =N19&" "&TEXT(M19,"00") -> 2024-12-32 18 | Q19: 1250
I20: Vw | J20: 15 | K20: kts | L20: 33 | M20: =MOD($J$2+L20,24) -> 21 | N20: =CONCAT(LEFT($J$1,8), TEXT(RIGHT($J$1,2)+ROUNDDOWN(($J$2+L20)/24,0),"00")) -> 2024-12-32 | O20: =N20&" "&TEXT(M20,"00") -> 2024-12-32 21 | Q20: 1375
E21: Average | F21: =AVERAGE(F2:F19) -> 0 | G21: =AVERAGE(G2:G19) -> 0 | I21: Dw | J21: 336 | K21: deg | L21: 36 | M21: =MOD($J$2+L21,24) -> 0 | N21: =CONCAT(LEFT($J$1,8), TEXT(RIGHT($J$1,2)+ROUNDDOWN(($J$2+L21)/24,0),"00")) -> 2024-12-33 | O21: =N21&" "&TEXT(M21,"00") -> 2024-12-33 00 | Q21: 1500
L22: 39 | M22: =MOD($J$2+L22,24) -> 3 | N22: =CONCAT(LEFT($J$1,8), TEXT(RIGHT($J$1,2)+ROUNDDOWN(($J$2+L22)/24,0),"00")) -> 2024-12-33 | O22: =N22&" "&TEXT(M22,"00") -> 2024-12-33 03 | Q22: 1750
B23: MIN | C23: 48 | D23: 0.5 | L23: 42 | M23: =MOD($J$2+L23,24) -> 6 | N23: =CONCAT(LEFT($J$1,8), TEXT(RIGHT($J$1,2)+ROUNDDOWN(($J$2+L23)/24,0),"00")) -> 2024-12-33 | O23: =N23&" "&TEXT(M23,"00") -> 2024-12-33 06 | Q23: 2000
B24: MAX | C24: 51 | D24: 3 | L24: 45 | M24: =MOD($J$2+L24,24) -> 9 | N24: =CONCAT(LEFT($J$1,8), TEXT(RIGHT($J$1,2)+ROUNDDOWN(($J$2+L24)/24,0),"00")) -> 2024-12-33 | O24: =N24&" "&TEXT(M24,"00") -> 2024-12-33 09 | Q24: 2250
L25: 48 | M25: =MOD($J$2+L25,24) -> 12 | N25: =CONCAT(LEFT($J$1,8), TEXT(RIGHT($J$1,2)+ROUNDDOWN(($J$2+L25)/24,0),"00")) -> 2024-12-33 | O25: =N25&" "&TEXT(M25,"00") -> 2024-12-33 12 | Q25: 2500
L26: 51 | M26: =MOD($J$2+L26,24) -> 15 | N26: =CONCAT(LEFT($J$1,8), TEXT(RIGHT($J$1,2)+ROUNDDOWN(($J$2+L26)/24,0),"00")) -> 2024-12-33 | O26: =N26&" "&TEXT(M26,"00") -> 2024-12-33 15 | Q26: 2750
B27: MIN | C27: =ROUNDDOWN((1-$C$29)* MIN(C$2:C$19),1) -> 47.5 | D27: =ROUNDDOWN((1-$C$29)* MIN(D$2:D$19),1) -> 1.4 | L27: 54 | M27: =MOD($J$2+L27,24) -> 18 | N27: =CONCAT(LEFT($J$1,8), TEXT(RIGHT($J$1,2)+ROUNDDOWN(($J$2+L27)/24,0),"00")) -> 2024-12-33 | O27: =N27&" "&TEXT(M27,"00") -> 2024-12-33 18 | Q27: 3000
B28: MAX | C28: =ROUNDUP((1+$C$29)* MAX(C$2:C$19),1) -> 50 | D28: =ROUNDUP((1+$C$29)* MAX(D$2:D$19),1) -> 2 | L28: 57 | M28: =MOD($J$2+L28,24) -> 21 | N28: =CONCAT(LEFT($J$1,8), TEXT(RIGHT($J$1,2)+ROUNDDOWN(($J$2+L28)/24,0),"00")) -> 2024-12-33 | O28: =N28&" "&TEXT(M28,"00") -> 2024-12-33 21
B29: Margin | C29: 0.02 | L29: 60 | M29: =MOD($J$2+L29,24) -> 0 | N29: =CONCAT(LEFT($J$1,8), TEXT(RIGHT($J$1,2)+ROUNDDOWN(($J$2+L29)/24,0),"00")) -> 2024-12-34 | O29: =N29&" "&TEXT(M29,"00") -> 2024-12-34 00
L30: 63 | M30: =MOD($J$2+L30,24) -> 3 | N30: =CONCAT(LEFT($J$1,8), TEXT(RIGHT($J$1,2)+ROUNDDOWN(($J$2+L30)/24,0),"00")) -> 2024-12-34 | O30: =N30&" "&TEXT(M30,"00") -> 2024-12-34 03
L31: 66 | M31: =MOD($J$2+L31,24) -> 6 | N31: =CONCAT(LEFT($J$1,8), TEXT(RIGHT($J$1,2)+ROUNDDOWN(($J$2+L31)/24,0),"00")) -> 2024-12-34 | O31: =N31&" "&TEXT(M31,"00") -> 2024-12-34 06
L32: 69 | M32: =MOD($J$2+L32,24) -> 9 | N32: =CONCAT(LEFT($J$1,8), TEXT(RIGHT($J$1,2)+ROUNDDOWN(($J$2+L32)/24,0),"00")) -> 2024-12-34 | O32: =N32&" "&TEXT(M32,"00") -> 2024-12-34 09
L33: 72 | M33: =MOD($J$2+L33,24) -> 12 | N33: =CONCAT(LEFT($J$1,8), TEXT(RIGHT($J$1,2)+ROUNDDOWN(($J$2+L33)/24,0),"00")) -> 2024-12-34 | O33: =N33&" "&TEXT(M33,"00") -> 2024-12-34 12
L34: 78 | M34: =MOD($J$2+L34,24) -> 18 | N34: =CONCAT(LEFT($J$1,8), TEXT(RIGHT($J$1,2)+ROUNDDOWN(($J$2+L34)/24,0),"00")) -> 2024-12-34 | O34: =N34&" "&TEXT(M34,"00") -> 2024-12-34 18
L35: 84 | M35: =MOD($J$2+L35,24) -> 0 | N35: =CONCAT(LEFT($J$1,8), TEXT(RIGHT($J$1,2)+ROUNDDOWN(($J$2+L35)/24,0),"00")) -> 2024-12-35 | O35: =N35&" "&TEXT(M35,"00") -> 2024-12-35 00
L36: 90 | M36: =MOD($J$2+L36,24) -> 6 | N36: =CONCAT(LEFT($J$1,8), TEXT(RIGHT($J$1,2)+ROUNDDOWN(($J$2+L36)/24,0),"00")) -> 2024-12-35 | O36: =N36&" "&TEXT(M36,"00") -> 2024-12-35 06
L37: 96 | M37: =MOD($J$2+L37,24) -> 12 | N37: =CONCAT(LEFT($J$1,8), TEXT(RIGHT($J$1,2)+ROUNDDOWN(($J$2+L37)/24,0),"00")) -> 2024-12-35 | O37: =N37&" "&TEXT(M37,"00") -> 2024-12-35 12
L38: 102 | M38: =MOD($J$2+L38,24) -> 18 | N38: =CONCAT(LEFT($J$1,8), TEXT(RIGHT($J$1,2)+ROUNDDOWN(($J$2+L38)/24,0),"00")) -> 2024-12-35 | O38: =N38&" "&TEXT(M38,"00") -> 2024-12-35 18
L39: 108 | M39: =MOD($J$2+L39,24) -> 0 | N39: =CONCAT(LEFT($J$1,8), TEXT(RIGHT($J$1,2)+ROUNDDOWN(($J$2+L39)/24,0),"00")) -> 2024-12-36 | O39: =N39&" "&TEXT(M39,"00") -> 2024-12-36 00
L40: 114 | M40: =MOD($J$2+L40,24) -> 6 | N40: =CONCAT(LEFT($J$1,8), TEXT(RIGHT($J$1,2)+ROUNDDOWN(($J$2+L40)/24,0),"00")) -> 2024-12-36 | O40: =N40&" "&TEXT(M40,"00") -> 2024-12-36 06

Sheet CARBURANT
A1: BILAN CARBURANT EN VFR
A3: ÉTAPE | B3: LFXU | C3: LFOR | E3: FUEL FLOW (L/H) | F3: =LOG!M31 -> 16.358552
A5: FORFAIT ROULAGE | B5: TEMPS SANS VENT | C5: INCIDENCE VENT | D5: RETARDS ATTENDUS | E5: INTÉGRATION | F5: (1) TEMPS POUR L'ÉTAPE
A6: 10 | B6: =SUM('CALCULS BRANCHES'!AG2:AG19)-VLOOKUP(C8,'CALCULS BRANCHES'!B2:AJ19,32,FALSE) -> 23.52 | C6: =SUM('CALCULS BRANCHES'!AH2:AH19)-SUM('CALCULS BRANCHES'!AG2:AG19)-(VLOOKUP(C8,'CALCULS BRANCHES'!B2:AJ19,33,FALSE)-VLOOKUP(C8,'CALCULS BRANCHES'!B2:AJ19,32,FALSE)) -> -1.785346 | D6: 0 | E6: 10 | F6: =IF(C6<0, SUM(A6:E6)-C6,SUM(A6:E6)) -> 43.52 | G6: MIN
B8: TERRAIN DE DIVERSION : | C8: LFON
C9: MIN
A10: (1) TEMPS POUR L'ÉTAPE | C10: =F6 -> 43.52
A11: (2) PLAN DE DIVERSION | C11: =MAX(VLOOKUP(C8,'CALCULS BRANCHES'!B2:AJ19,32,FALSE),VLOOKUP(C8,'CALCULS BRANCHES'!B2:AJ19,33,FALSE)) -> 11.435033
A12: (3) RÉSERVE FINALE | C12: 30
A13: (4) MARGE DE SÉCURITÉ | C13: 30
A15: MINIMUM REGLEMENTAIRE | C15: HH:MM | D15: L
A16: (1) + (2) + (3) + (4) | C16: =SUM(C10:C13)/1440 -> 0.079829884 | D16: =C16*1440/60*F3 -> 31.341632
C19: HH:MM | D19: MIN
A20: 26 | B20: PROC DEP | C20: =LOG!D26 -> 0.0069444444 | D20: =C20*1440 -> 10 | F20: DelestageTotal | G20: =SUM(D20:D22) -> 53.169687
A21: 27 | B21: ETAPES | C21: =LOG!D27 -> 0.023034505 | D21: =C21*1440 -> 33.169687 | F21: Etapes | G21: =D21 -> 33.169687
A22: 28 | B22: PROC ARR | C22: =LOG!D28 -> 0.0069444444 | D22: =C22*1440 -> 10 | F22: ReserveRoute | G22: =D23 -> 30
A23: 29 | B23: RES. ROUTE | C23: =LOG!D29 -> 0.020833333 | D23: =C23*1440 -> 30 | F23: ReserveFinale | G23: =D24 -> 30
A24: 30 | B24: RES. FINALE | C24: =LOG!D30 -> 0.020833333 | D24: =C24*1440 -> 30
A25: Lien étape suivante | B25: "https://docs.google.com/spreadsheets/d/1N8FDD-FlN5wmwfArdkngWdtqL6o2Lskxg5rTB8Y2KRg/edit?usp=sharing"

Sheet CTLS_FF
A1: From | B1: To | C1: Zd | D1: Vp | E1: 3000 | F1: 4000 | G1: 5000 | H1: 6000 | I1: 7000 | J1: 8000 | K1: 9000 | L1: 10000 | M1: 12000 | N1: FF
A2: ='CALCULS BRANCHES'!A2 -> LFXU | B2: ='CALCULS BRANCHES'!B2 -> PTSW | C2: ='CALCULS BRANCHES'!O2 -> 2273.8952 | D2: ='CALCULS BRANCHES'!AB2 -> 100 | E2: =FORECAST($D2,CTLS_FF!FF3K,CTLS_FF!VP3K) -> 13.280135 | F2: =FORECAST($D2,CTLS_FF!FF4K,CTLS_FF!VP4K) -> 13.403919 | G2: =FORECAST($D2,CTLS_FF!FF5K,CTLS_FF!VP5K) -> 13.645013 | H2: =FORECAST($D2,CTLS_FF!FF6K,CTLS_FF!VP6K) -> 13.763473 | I2: =FORECAST($D2,CTLS_FF!FF7K,CTLS_FF!VP7K) -> 14.072212 | J2: =FORECAST($D2,CTLS_FF!FF8K,CTLS_FF!VP8K) -> 14.437419 | K2: =FORECAST($D2,CTLS_FF!FF9K,CTLS_FF!VP9K) -> 14.767499 | L2: =FORECAST($D2,CTLS_FF!FF10K,CTLS_FF!VP10K) -> 15.15535 | M2: =FORECAST($D2,CTLS_FF!FF12K,CTLS_FF!VP12K) -> 15.851724 | N2: =IF(C2<3000,E2,FORECAST(C2,E2:M2,E$1:M$1)) -> 13.280135
A3: ='CALCULS BRANCHES'!A3 -> PTSW | B3: ='CALCULS BRANCHES'!B3 -> MEZER | C3: ='CALCULS BRANCHES'!O3 -> 2273.8952 | D3: ='CALCULS BRANCHES'!AB3 -> 100 | E3: =FORECAST($D3,CTLS_FF!FF3K,CTLS_FF!VP3K) -> 13.280135 | F3: =FORECAST($D3,CTLS_FF!FF4K,CTLS_FF!VP4K) -> 13.403919 | G3: =FORECAST($D3,CTLS_FF!FF5K,CTLS_FF!VP5K) -> 13.645013 | H3: =FORECAST($D3,CTLS_FF!FF6K,CTLS_FF!VP6K) -> 13.763473 | I3: =FORECAST($D3,CTLS_FF!FF7K,CTLS_FF!VP7K) -> 14.072212 | J3: =FORECAST($D3,CTLS_FF!FF8K,CTLS_FF!VP8K) -> 14.437419 | K3: =FORECAST($D3,CTLS_FF!FF9K,CTLS_FF!VP9K) -> 14.767499 | L3: =FORECAST($D3,CTLS_FF!FF10K,CTLS_FF!VP10K) -> 15.15535 | M3: =FORECAST($D3,CTLS_FF!FF12K,CTLS_FF!VP12K) -> 15.851724 | N3: =IF(C3<3000,E3,FORECAST(C3,E3:M3,E$1:M$1)) -> 13.280135
A4: ='CALCULS BRANCHES'!A4 -> MEZER | B4: ='CALCULS BRANCHES'!B4 -> N12HE | C4: ='CALCULS BRANCHES'!O4 -> 2273.8952 | D4: ='CALCULS BRANCHES'!AB4 -> 100 | E4: =FORECAST($D4,CTLS_FF!FF3K,CTLS_FF!VP3K) -> 13.280135 | F4: =FORECAST($D4,CTLS_FF!FF4K,CTLS_FF!VP4K) -> 13.403919 | G4: =FORECAST($D4,CTLS_FF!FF5K,CTLS_FF!VP5K) -> 13.645013 | H4: =FORECAST($D4,CTLS_FF!FF6K,CTLS_FF!VP6K) -> 13.763473 | I4: =FORECAST($D4,CTLS_FF!FF7K,CTLS_FF!VP7K) -> 14.072212 | J4: =FORECAST($D4,CTLS_FF!FF8K,CTLS_FF!VP8K) -> 14.437419 | K4: =FORECAST($D4,CTLS_FF!FF9K,CTLS_FF!VP9K) -> 14.767499 | L4: =FORECAST($D4,CTLS_FF!FF10K,CTLS_FF!VP10K) -> 15.15535 | M4: =FORECAST($D4,CTLS_FF!FF12K,CTLS_FF!VP12K) -> 15.851724 | N4: =IF(C4<3000,E4,FORECAST(C4,E4:M4,E$1:M$1)) -> 13.280135
A5: ='CALCULS BRANCHES'!A5 -> N12HE | B5: ='CALCULS BRANCHES'!B5 -> EPR | C5: ='CALCULS BRANCHES'!O5 -> 2273.8952 | D5: ='CALCULS BRANCHES'!AB5 -> 100 | E5: =FORECAST($D5,CTLS_FF!FF3K,CTLS_FF!VP3K) -> 13.280135 | F5: =FORECAST($D5,CTLS_FF!FF4K,CTLS_FF!VP4K) -> 13.403919 | G5: =FORECAST($D5,CTLS_FF!FF5K,CTLS_FF!VP5K) -> 13.645013 | H5: =FORECAST($D5,CTLS_FF!FF6K,CTLS_FF!VP6K) -> 13.763473 | I5: =FORECAST($D5,CTLS_FF!FF7K,CTLS_FF!VP7K) -> 14.072212 | J5: =FORECAST($D5,CTLS_FF!FF8K,CTLS_FF!VP8K) -> 14.437419 | K5: =FORECAST($D5,CTLS_FF!FF9K,CTLS_FF!VP9K) -> 14.767499 | L5: =FORECAST($D5,CTLS_FF!FF10K,CTLS_FF!VP10K) -> 15.15535 | M5: =FORECAST($D5,CTLS_FF!FF12K,CTLS_FF!VP12K) -> 15.851724 | N5: =IF(C5<3000,E5,FORECAST(C5,E5:M5,E$1:M$1)) -> 13.280135
A6: ='CALCULS BRANCHES'!A6 -> EPR | B6: ='CALCULS BRANCHES'!B6 -> LFOR | C6: ='CALCULS BRANCHES'!O6 -> 2773.8952 | D6: ='CALCULS BRANCHES'!AB6 -> 100 | E6: =FORECAST($D6,CTLS_FF!FF3K,CTLS_FF!VP3K) -> 13.280135 | F6: =FORECAST($D6,CTLS_FF!FF4K,CTLS_FF!VP4K) -> 13.403919 | G6: =FORECAST($D6,CTLS_FF!FF5K,CTLS_FF!VP5K) -> 13.645013 | H6: =FORECAST($D6,CTLS_FF!FF6K,CTLS_FF!VP6K) -> 13.763473 | I6: =FORECAST($D6,CTLS_FF!FF7K,CTLS_FF!VP7K) -> 14.072212 | J6: =FORECAST($D6,CTLS_FF!FF8K,CTLS_FF!VP8K) -> 14.437419 | K6: =FORECAST($D6,CTLS_FF!FF9K,CTLS_FF!VP9K) -> 14.767499 | L6: =FORECAST($D6,CTLS_FF!FF10K,CTLS_FF!VP10K) -> 15.15535 | M6: =FORECAST($D6,CTLS_FF!FF12K,CTLS_FF!VP12K) -> 15.851724 | N6: =IF(C6<3000,E6,FORECAST(C6,E6:M6,E$1:M$1)) -> 13.280135
A7: ='CALCULS BRANCHES'!A7 -> LFOR | B7: ='CALCULS BRANCHES'!B7 -> LFON | C7: ='CALCULS BRANCHES'!O7 -> 2773.8952 | D7: ='CALCULS BRANCHES'!AB7 -> 100 | E7: =FORECAST($D7,CTLS_FF!FF3K,CTLS_FF!VP3K) -> 13.280135 | F7: =FORECAST($D7,CTLS_FF!FF4K,CTLS_FF!VP4K) -> 13.403919 | G7: =FORECAST($D7,CTLS_FF!FF5K,CTLS_FF!VP5K) -> 13.645013 | H7: =FORECAST($D7,CTLS_FF!FF6K,CTLS_FF!VP6K) -> 13.763473 | I7: =FORECAST($D7,CTLS_FF!FF7K,CTLS_FF!VP7K) -> 14.072212 | J7: =FORECAST($D7,CTLS_FF!FF8K,CTLS_FF!VP8K) -> 14.437419 | K7: =FORECAST($D7,CTLS_FF!FF9K,CTLS_FF!VP9K) -> 14.767499 | L7: =FORECAST($D7,CTLS_FF!FF10K,CTLS_FF!VP10K) -> 15.15535 | M7: =FORECAST($D7,CTLS_FF!FF12K,CTLS_FF!VP12K) -> 15.851724 | N7: =IF(C7<3000,E7,FORECAST(C7,E7:M7,E$1:M$1)) -> 13.280135
A8: ='CALCULS BRANCHES'!A8 | B8: ='CALCULS BRANCHES'!B8 | C8: ='CALCULS BRANCHES'!O8 | D8: ='CALCULS BRANCHES'!AB8 | E8: =FORECAST($D8,CTLS_FF!FF3K,CTLS_FF!VP3K) -> -26.260405 | F8: =FORECAST($D8,CTLS_FF!FF4K,CTLS_FF!VP4K) -> -24.271757 | G8: =FORECAST($D8,CTLS_FF!FF5K,CTLS_FF!VP5K) -> -22.702695 | H8: =FORECAST($D8,CTLS_FF!FF6K,CTLS_FF!VP6K) -> -21.005651 | I8: =FORECAST($D8,CTLS_FF!FF7K,CTLS_FF!VP7K) -> -18.744423 | J8: =FORECAST($D8,CTLS_FF!FF8K,CTLS_FF!VP8K) -> -13.777634 | K8: =FORECAST($D8,CTLS_FF!FF9K,CTLS_FF!VP9K) -> -11.259542 | L8: =FORECAST($D8,CTLS_FF!FF10K,CTLS_FF!VP10K) -> -7.8407588 | M8: =FORECAST($D8,CTLS_FF!FF12K,CTLS_FF!VP12K) -> -3.4586207 | N8: =IF(C8<3000,E8,FORECAST(C8,E8:M8,E$1:M$1)) -> -26.260405
A9: ='CALCULS BRANCHES'!A9 | B9: ='CALCULS BRANCHES'!B9 | C9: ='CALCULS BRANCHES'!O9 | D9: ='CALCULS BRANCHES'!AB9 | E9: =FORECAST($D9,CTLS_FF!FF3K,CTLS_FF!VP3K) -> -26.260405 | F9: =FORECAST($D9,CTLS_FF!FF4K,CTLS_FF!VP4K) -> -24.271757 | G9: =FORECAST($D9,CTLS_FF!FF5K,CTLS_FF!VP5K) -> -22.702695 | H9: =FORECAST($D9,CTLS_FF!FF6K,CTLS_FF!VP6K) -> -21.005651 | I9: =FORECAST($D9,CTLS_FF!FF7K,CTLS_FF!VP7K) -> -18.744423 | J9: =FORECAST($D9,CTLS_FF!FF8K,CTLS_FF!VP8K) -> -13.777634 | K9: =FORECAST($D9,CTLS_FF!FF9K,CTLS_FF!VP9K) -> -11.259542 | L9: =FORECAST($D9,CTLS_FF!FF10K,CTLS_FF!VP10K) -> -7.8407588 | M9: =FORECAST($D9,CTLS_FF!FF12K,CTLS_FF!VP12K) -> -3.4586207 | N9: =IF(C9<3000,E9,FORECAST(C9,E9:M9,E$1:M$1)) -> -26.260405
A10: ='CALCULS BRANCHES'!A10 | B10: ='CALCULS BRANCHES'!B10 | C10: ='CALCULS BRANCHES'!O10 | D10: ='CALCULS BRANCHES'!AB10 | E10: =FORECAST($D10,CTLS_FF!FF3K,CTLS_FF!VP3K) -> -26.260405 | F10: =FORECAST($D10,CTLS_FF!FF4K,CTLS_FF!VP4K) -> -24.271757 | G10: =FORECAST($D10,CTLS_FF!FF5K,CTLS_FF!VP5K) -> -22.702695 | H10: =FORECAST($D10,CTLS_FF!FF6K,CTLS_FF!VP6K) -> -21.005651 | I10: =FORECAST($D10,CTLS_FF!FF7K,CTLS_FF!VP7K) -> -18.744423 | J10: =FORECAST($D10,CTLS_FF!FF8K,CTLS_FF!VP8K) -> -13.777634 | K10: =FORECAST($D10,CTLS_FF!FF9K,CTLS_FF!VP9K) -> -11.259542 | L10: =FORECAST($D10,CTLS_FF!FF10K,CTLS_FF!VP10K) -> -7.8407588 | M10: =FORECAST($D10,CTLS_FF!FF12K,CTLS_FF!VP12K) -> -3.4586207 | N10: =IF(C10<3000,E10,FORECAST(C10,E10:M10,E$1:M$1)) -> -26.260405
A11: ='CALCULS BRANCHES'!A11 | B11: ='CALCULS BRANCHES'!B11 | C11: ='CALCULS BRANCHES'!O11 | D11: ='CALCULS BRANCHES'!AB11 | E11: =FORECAST($D11,CTLS_FF!FF3K,CTLS_FF!VP3K) -> -26.260405 | F11: =FORECAST($D11,CTLS_FF!FF4K,CTLS_FF!VP4K) -> -24.271757 | G11: =FORECAST($D11,CTLS_FF!FF5K,CTLS_FF!VP5K) -> -22.702695 | H11: =FORECAST($D11,CTLS_FF!FF6K,CTLS_FF!VP6K) -> -21.005651 | I11: =FORECAST($D11,CTLS_FF!FF7K,CTLS_FF!VP7K) -> -18.744423 | J11: =FORECAST($D11,CTLS_FF!FF8K,CTLS_FF!VP8K) -> -13.777634 | K11: =FORECAST($D11,CTLS_FF!FF9K,CTLS_FF!VP9K) -> -11.259542 | L11: =FORECAST($D11,CTLS_FF!FF10K,CTLS_FF!VP10K) -> -7.8407588 | M11: =FORECAST($D11,CTLS_FF!FF12K,CTLS_FF!VP12K) -> -3.4586207 | N11: =IF(C11<3000,E11,FORECAST(C11,E11:M11,E$1:M$1)) -> -26.260405
A12: ='CALCULS BRANCHES'!A12 | B12: ='CALCULS BRANCHES'!B12 | C12: ='CALCULS BRANCHES'!O12 | D12: ='CALCULS BRANCHES'!AB12 | E12: =FORECAST($D12,CTLS_FF!FF3K,CTLS_FF!VP3K) -> -26.260405 | F12: =FORECAST($D12,CTLS_FF!FF4K,CTLS_FF!VP4K) -> -24.271757 | G12: =FORECAST($D12,CTLS_FF!FF5K,CTLS_FF!VP5K) -> -22.702695 | H12: =FORECAST($D12,CTLS_FF!FF6K,CTLS_FF!VP6K) -> -21.005651 | I12: =FORECAST($D12,CTLS_FF!FF7K,CTLS_FF!VP7K) -> -18.744423 | J12: =FORECAST($D12,CTLS_FF!FF8K,CTLS_FF!VP8K) -> -13.777634 | K12: =FORECAST($D12,CTLS_FF!FF9K,CTLS_FF!VP9K) -> -11.259542 | L12: =FORECAST($D12,CTLS_FF!FF10K,CTLS_FF!VP10K) -> -7.8407588 | M12: =FORECAST($D12,CTLS_FF!FF12K,CTLS_FF!VP12K) -> -3.4586207 | N12: =IF(C12<3000,E12,FORECAST(C12,E12:M12,E$1:M$1)) -> -26.260405
A13: ='CALCULS BRANCHES'!A13 | B13: ='CALCULS BRANCHES'!B13 | C13: ='CALCULS BRANCHES'!O13 | D13: ='CALCULS BRANCHES'!AB13 | E13: =FORECAST($D13,CTLS_FF!FF3K,CTLS_FF!VP3K) -> -26.260405 | F13: =FORECAST($D13,CTLS_FF!FF4K,CTLS_FF!VP4K) -> -24.271757 | G13: =FORECAST($D13,CTLS_FF!FF5K,CTLS_FF!VP5K) -> -22.702695 | H13: =FORECAST($D13,CTLS_FF!FF6K,CTLS_FF!VP6K) -> -21.005651 | I13: =FORECAST($D13,CTLS_FF!FF7K,CTLS_FF!VP7K) -> -18.744423 | J13: =FORECAST($D13,CTLS_FF!FF8K,CTLS_FF!VP8K) -> -13.777634 | K13: =FORECAST($D13,CTLS_FF!FF9K,CTLS_FF!VP9K) -> -11.259542 | L13: =FORECAST($D13,CTLS_FF!FF10K,CTLS_FF!VP10K) -> -7.8407588 | M13: =FORECAST($D13,CTLS_FF!FF12K,CTLS_FF!VP12K) -> -3.4586207 | N13: =IF(C13<3000,E13,FORECAST(C13,E13:M13,E$1:M$1)) -> -26.260405
... A19: ='CALCULS BRANCHES'!A19 | B19: ='CALCULS BRANCHES'!B19 | C19: ='CALCULS BRANCHES'!O19 | D19: ='CALCULS BRANCHES'!AB19 | E19: =FORECAST($D19,CTLS_FF!FF3K,CTLS_FF!VP3K) -> -26.260405 | F19: =FORECAST($D19,CTLS_FF!FF4K,CTLS_FF!VP4K) -> -24.271757 | G19: =FORECAST($D19,CTLS_FF!FF5K,CTLS_FF!VP5K) -> -22.702695 | H19: =FORECAST($D19,CTLS_FF!FF6K,CTLS_FF!VP6K) -> -21.005651 | I19: =FORECAST($D19,CTLS_FF!FF7K,CTLS_FF!VP7K) -> -18.744423 | J19: =FORECAST($D19,CTLS_FF!FF8K,CTLS_FF!VP8K) -> -13.777634 | K19: =FORECAST($D19,CTLS_FF!FF9K,CTLS_FF!VP9K) -> -11.259542 | L19: =FORECAST($D19,CTLS_FF!FF10K,CTLS_FF!VP10K) -> -7.8407588 | M19: =FORECAST($D19,CTLS_FF!FF12K,CTLS_FF!VP12K) -> -3.4586207 | N19: =IF(C19<3000,E19,FORECAST(C19,E19:M19,E$1:M$1)) -> -26.260405
C21: REF : PERFORMANCE CTLS LSA Document # AF 0430 0006
C23: Zd | D23: Vp | E23: FF | G23: FF Procedures | H23: 18
C24: 3000 | D24: 99 | E24: 13.5
C25: 3000 | D25: 108 | E25: 16.3
C26: 3000 | D26: 116 | E26: 18.1
C27: 3000 | D27: 125 | E27: 24.2
C28: 4000 | D28: 99 | E28: 13.5
C29: 4000 | D29: 108 | E29: 16.4
C30: 4000 | D30: 116 | E30: 18.1
C31: 4000 | D31: 125 | E31: 23.7
C32: 5000 | D32: 98 | E32: 13.4
C33: 5000 | D33: 108 | E33: 16.4
C34: 5000 | D34: 116 | E34: 18.2
C35: 5000 | D35: 124 | E35: 23.3
... C59: 12000 | D59: 120 | E59: 19.7

Sheet AUTONOMIE
A2: Carburant embarqué (L) | B2: 20 | C2: =B2+10 -> 30 | D2: =C2+10 -> 40 | E2: =D2+10 -> 50 | F2: =E2+10 -> 60 | G2: =F2+10 -> 70 | H2: =G2+10 -> 80 | I2: =H2+10 -> 90 | J2: =I2+10 -> 100 | ... M2: =L2+10 -> 130
A3: Autonomie (h) | B3: =B2/LOG!$M31/24 -> 0.050941753 | C3: =C2/LOG!$M31/24 -> 0.076412629 | D3: =D2/LOG!$M31/24 -> 0.10188351 | E3: =E2/LOG!$M31/24 -> 0.12735438 | F3: =F2/LOG!$M31/24 -> 0.15282526 | G3: =G2/LOG!$M31/24 -> 0.17829614 | H3: =H2/LOG!$M31/24 -> 0.20376701 | I3: =I2/LOG!$M31/24 -> 0.22923789 | ... M3: =M2/LOG!$M31/24 -> 0.33112139

Sheet CTLS_CENTRAGE
A1: MASSE ET CENTRAGE CTLS F-HBCT
B3: Carburant (L) | C3: masse en kg | D3: bras de levier en mm | E3: moment
A4: masse à vide | C4: 352.3 | D4: 388 | E4: =C4*D4 -> 136692.4
A5: pilote | C5: 75 | D5: 520 | E5: =C5*D5 -> 39000
A6: passager | C6: 70 | D6: 520 | E6: =C6*D6 -> 36400
A7: Roulage | B7: =LOG!I29 -> 117.5 | C7: =B7*0.7 -> 82.25 | D7: 210 | E7: =C7*D7 -> 17272.5
A8: Atterrissage | B8: =LOG!I29-SUM(LOG!E26:E28) -> 104.15837 | C8: =B8*0.7 -> 72.910858 | D8: 210 | E8: =C8*D8 -> 15311.28
A9: IVV | B9: 13 | C9: =B9*0.7 -> 9.1 | D9: 210 | E9: =C9*D9 -> 1911
A10: bagages | C10: 20 | D10: 1140 | E10: =C10*D10 -> 22800
A11: TOTAL Roulage | C11: =C4+C5+C6+C10+C7 -> 599.55 | D11: =E11/C11 -> 420.59028 | E11: =E4+E5+E6+E7+E10 -> 252164.9
A12: TOTAL Atterrissage | C12: =C4+C5+C6+C10+C8 -> 590.21086 | D12: =E12/C12 -> 423.92253 | E12: =E4+E5+E6+E8+E10 -> 250203.68
A13: TOTAL IVV | C13: =C4+C5+C6+C10+C9 -> 526.4 | D13: =E13/C13 -> 449.85448 | E13: =E4+E5+E6+E9+E10 -> 236803.4

Sheet DR400_CENTRAGE
A1: MASSE ET CENTRAGE DR400-120 F-GSRK
B3: Carburant (L) | C3: masse en kg | D3: bras de levier en mm | E3: moment
A4: masse à vide | C4: 577.5 | D4: 350 | E4: =C4*D4 -> 202125
A5: pilote | C5: 75 | D5: 410 | E5: =C5*D5 -> 30750
A6: passager AV | C6: 75 | D6: 410 | E6: =C6*D6 -> 30750
A7: passagers AR | D7: 1190 | E7: =C7*D7 -> 0
A8: Roulage | B8: =LOG!I29 -> 117.5 | C8: =B8*0.7 -> 82.25 | D8: 1120 | E8: =C8*D8 -> 92120
A9: Atterrissage | B9: =LOG!I29-SUM(LOG!E26:E28) -> 104.15837 | C9: =B9*0.7 -> 72.910858 | D9: 1120 | E9: =C9*D9 -> 81660.16
A10: IVV | B10: 13 | C10: =B10*0.7 -> 9.1 | D10: 1120 | E10: =C10*D10 -> 10192
A11: bagages | C11: 20 | D11: 1900 | E11: =C11*D11 -> 38000
A12: TOTAL Roulage | C12: =C4+C5+C6+C7+C11+C8 -> 829.75 | D12: =E12/C12 -> 474.5345 | E12: =E4+E5+E6+E7+E8+E11 -> 393745
A13: TOTAL Atterrissage | C13: =C4+C5+C6+C7+C11+C9 -> 820.41086 | D13: =E13/C13 -> 467.18685 | E13: =E4+E5+E6+E7+E9+E11 -> 383285.16
A14: TOTAL IVV | C14: =C4+C5+C6+C11+C10 -> 756.6 | D14: =E14/C14 -> 412.12926 | E14: =E4+E5+E6+E7+E10+E11 -> 311817

Sheet PERFORMANCE
B2: Aircraft | G2: Weather Conditions | N2: =CONVERT(1,"kn","km/h") -> 1.852
B3: Model | C3: CTLS-LSA | G3: OAT | H3: =LOG!Q26 -> 25 | I3: °C | J3: ISA Deviation | K3: =IsaDeviation(Zp,OAT) -> 9.654 | L3: °C
G4: QNH | H4: =LOG!Q25 -> 1023 | I4: hPa | J4: Zp | K4: =PressureAltitude(Zt,QNH) -> -173 | L4: ft
C5: CTLS-LSA | D5: DR400/120 | E5: selected | J5: Zd | K5: =DensityAltitude(Zp,IsaDeviation(Zp,OAT)) -> 973.8952 | L5: ft
C6: 1 | D6: 2 | E6: =HLOOKUP(C$3,C$5:D$6,2,FALSE) -> 1 | G6: Dw | H6: 279 | I6: °
B7: Speed unit | C7: kn | D7: km/h | E7: =CHOOSE(HLOOKUP($C$3,$C$5:$D$6,2,FALSE),C7,D7) -> kn | G7: Vw | H7: 5 | I7: kn
B8: Fb | C8: 0.6 | D8: 0.6 | E8: =CHOOSE(HLOOKUP($C$3,$C$5:$D$6,2,FALSE),C8,D8) -> 0.6 | G8: Veff | H8: =COS(RADIANS(H6-PERFORMANCE!H15))*Vw -> 5 | I8: kn
B9: Vx (kph) | C9: ='CTLS-LSA_PERFORMANCE'!E26*CONVERT(1,"Nmi","km") -> 124.1215 | D9: =DR400120_PERFORMANCE!F50 -> 129.64 | E9: =CHOOSE(HLOOKUP($C$3,$C$5:$D$6,2,FALSE),C9,D9) -> 124.1215
B10: Vz_15 (m/s) | C10: ='CTLS-LSA_PERFORMANCE'!F26*CONVERT(1,"ft","m")/60 -> 3.4862596 | D10: =DR400120_PERFORMANCE!G50 -> 3.1122888 | E10: =CHOOSE(HLOOKUP($C$3,$C$5:$D$6,2,FALSE),C10,D10) -> 3.4862596
B11: Vy (kph) | C11: ='CTLS-LSA_PERFORMANCE'!E25*CONVERT(1,"Nmi","km") -> 135.12354 | D11: =DR400120_PERFORMANCE!F49 -> 144.456 | E11: =CHOOSE(HLOOKUP($C$3,$C$5:$D$6,2,FALSE),C11,D11) -> 135.12354 | G11: Airfield
B12: Vz_0 (m/s) | C12: ='CTLS-LSA_PERFORMANCE'!F25*CONVERT(1,"ft","m")/60 -> 3.7977354 | D12: =DR400120_PERFORMANCE!G49 -> 4.2793583 | E12: =CHOOSE(HLOOKUP($C$3,$C$5:$D$6,2,FALSE),C12,D12) -> 3.7977354 | G12: Zt | H12: =LOG!Q27 -> 100 | I12: ft
B13: Hv0 (ft) | C13: 300 | D13: 300 | E13: =CHOOSE(HLOOKUP($C$3,$C$5:$D$6,2,FALSE),C13,D13) -> 300 | G13: Surface Type | H13: Herbe
B14: Fuel Max | C14: 117.5 | D14: 109 | E14: =CHOOSE(HLOOKUP($C$3,$C$5:$D$6,2,FALSE),C14,D14) -> 117.5 | G14: Surface Condition | H14: Sèche
B15: MTOW (kg) | C15: 600 | D15: 900 | E15: =CHOOSE(HLOOKUP($C$3,$C$5:$D$6,2,FALSE),C15,D15) -> 600 | G15: QFU | H15: 279 | I15: °
B16: TOW (kg) | C16: =CTLS_CENTRAGE!C11 -> 599.55 | D16: 800 | E16: =CHOOSE(HLOOKUP($C$3,$C$5:$D$6,2,FALSE),C16,D16) -> 599.55 | G16: TORA | H16: 1450 | I16: m
B17: TOW (%MTOW) | C17: =C16/C15 -> 0.99925 | D17: =D16/D15 -> 0.88888889 | G17: TODA | H17: 1450 | I17: m
B18: LW (kg) | C18: =CTLS_CENTRAGE!C12 -> 590.21086 | D18: 700 | G18: ="Z"&TEXT(ROUND(QFU/10,0),"00")&" End (AMSL)" -> Z28 End (AMSL) | H18: 89 | I18: ft | J18: Slope | K18: =CONVERT(H19-H18,"ft","m")/H16 -> -0.0025224828
G19: ="Z"&TEXT(ROUND(MOD((QFU-180),360)/10,0),"00")&" End (AMSL)" -> Z10 End (AMSL) | H19: 77 | I19: ft
B20: Obstacle
B21: ="Do / "&TEXT(ROUND(QFU/10,0),"00")&" End" -> Do / 28 End | C21: 4400 | D21: m
B22: Zo | C22: 1100 | D22: ft
B23: Ho | C23: =Zo-ZRéf -> 1011 | D23: ft
C24: =CONVERT(C23,"ft","m") -> 308.1528 | D24: m
C27: CTLS-LSA | D27: DR400/120 | E27: selected
C28: 1 | D28: 2 | E28: =HLOOKUP(C$3,C$5:D$6,2,FALSE) -> 1
B29: Drd | C29: ='CTLS-LSA_PERFORMANCE'!C11 -> 334.15215 | D29: =DR400120_PERFORMANCE!F15 -> 261.37096 | E29: =CHOOSE(HLOOKUP(C$3,C$5:D$6,2,FALSE),C29,D29) -> 334.15215
B30: Dd | C30: ='CTLS-LSA_PERFORMANCE'!H11 -> 603.31787 | D30: =DR400120_PERFORMANCE!F29 -> 554.33909 | E30: =CHOOSE(HLOOKUP(C$3,C$5:D$6,2,FALSE),C30,D30) -> 603.31787
B31: Dra | C31: ='CTLS-LSA_PERFORMANCE'!C22 -> 211.33059 | D31: =DR400120_PERFORMANCE!F87 -> 235.74059 | E31: =CHOOSE(HLOOKUP(C$3,C$5:D$6,2,FALSE),C31,D31) -> 211.33059
B32: Da | C32: ='CTLS-LSA_PERFORMANCE'!H22 -> 547.93019 | D32: =DR400120_PERFORMANCE!F101 -> 507.82904 | E32: =CHOOSE(HLOOKUP(C$3,C$5:D$6,2,FALSE),C32,D32) -> 547.93019
D34: m | E34: TORA% | F34: TODA%
B35: Roll Distance | C35: Drd | D35: =Drd -> 334.15215 | E35: =Drd/TORA -> 0.23044976
B36: T/O Distance | C36: Dd | D36: =Dd -> 603.31787 | F36: =Dd/TODA -> 0.41608129
B39: Dd Slope | C39: DénDd | D39: =Slope*Dd -> -1.5218589 | E39: m
B40: Init. Climb Gradient | C40: GradInit | D40: =Vz_15/CONVERT(Vx_15+CONVERT(Veff,"kn","km/h"),"km/h","m/s") -> 0.094095016
B41: Cont. Climb Gradient | C41: GradCont | D41: =Vz_0/CONVERT(Vy_0+CONVERT(Veff,"kn","km/h"),"km/h","m/s") -> 0.094691179
B43: Init. Climb Dist. | C43: DInit | D43: =CONVERT((Hv_0-50)/GradInit,"ft","m") -> 809.81972 | E43: m
B44: Cont. Climb Dist. | C44: DCont | D44: =PERFORMANCE!Do-Dd-DInit -> 2986.8624 | E44: m
B45: Obst. Cross. Height | C45: Hpo | D45: =CONVERT(CONVERT(Hv_0,"ft","m")+DCont*GradCont-DénDd,"m","ft") -> 1232.9114 | E45: ft
B46: Obst. Cross. Alt | C46: Zpo | D46: =ZRéf+Hpo -> 1321.9114 | E46: ft
B47: Obstacle Clearance | C47: Zpo-Zo | D47: =Zpo-Zo -> 221.91136 | E47: ft
D48: =CONVERT(D47,"ft","m") -> 67.638582 | E48: m
F50: CTLS-LSA | G50: DR400/120 | H50: selected
F51: 1 | G51: 2 | H51: =HLOOKUP(C$3,C$5:D$6,2,FALSE) -> 1
B52: From | C52: To | D52: Zd | E52: Vp | F52: FF | G52: FF | H52: FF
B53: ='CALCULS BRANCHES'!A2 -> LFXU | C53: ='CALCULS BRANCHES'!B2 -> PTSW | D53: ='CALCULS BRANCHES'!O2 -> 2273.8952 | E53: ='CALCULS BRANCHES'!AB2 -> 100 | F53: =IF(COUNTIF(B53,""),,CTLS_FF!N2) -> 13.280135 | G53: =IF(COUNTIF(B53,""),,25) -> 25 | H53: =CHOOSE(HLOOKUP($C$3,$C$5:$D$6,2,FALSE),F53,G53) -> 13.280135
B54: ='CALCULS BRANCHES'!A3 -> PTSW | C54: ='CALCULS BRANCHES'!B3 -> MEZER | D54: ='CALCULS BRANCHES'!O3 -> 2273.8952 | E54: ='CALCULS BRANCHES'!AB3 -> 100 | F54: =IF(COUNTIF(B54,""),,CTLS_FF!N3) -> 13.280135 | G54: =IF(COUNTIF(B54,""),,25) -> 25 | H54: =CHOOSE(HLOOKUP($C$3,$C$5:$D$6,2,FALSE),F54,G54) -> 13.280135
B55: ='CALCULS BRANCHES'!A4 -> MEZER | C55: ='CALCULS BRANCHES'!B4 -> N12HE | D55: ='CALCULS BRANCHES'!O4 -> 2273.8952 | E55: ='CALCULS BRANCHES'!AB4 -> 100 | F55: =IF(COUNTIF(B55,""),,CTLS_FF!N4) -> 13.280135 | G55: =IF(COUNTIF(B55,""),,25) -> 25 | H55: =CHOOSE(HLOOKUP($C$3,$C$5:$D$6,2,FALSE),F55,G55) -> 13.280135
B56: ='CALCULS BRANCHES'!A5 -> N12HE | C56: ='CALCULS BRANCHES'!B5 -> EPR | D56: ='CALCULS BRANCHES'!O5 -> 2273.8952 | E56: ='CALCULS BRANCHES'!AB5 -> 100 | F56: =IF(COUNTIF(B56,""),,CTLS_FF!N5) -> 13.280135 | G56: =IF(COUNTIF(B56,""),,25) -> 25 | H56: =CHOOSE(HLOOKUP($C$3,$C$5:$D$6,2,FALSE),F56,G56) -> 13.280135
B57: ='CALCULS BRANCHES'!A6 -> EPR | C57: ='CALCULS BRANCHES'!B6 -> LFOR | D57: ='CALCULS BRANCHES'!O6 -> 2773.8952 | E57: ='CALCULS BRANCHES'!AB6 -> 100 | F57: =IF(COUNTIF(B57,""),,CTLS_FF!N6) -> 13.280135 | G57: =IF(COUNTIF(B57,""),,25) -> 25 | H57: =CHOOSE(HLOOKUP($C$3,$C$5:$D$6,2,FALSE),F57,G57) -> 13.280135
B58: ='CALCULS BRANCHES'!A7 -> LFOR | C58: ='CALCULS BRANCHES'!B7 -> LFON | D58: ='CALCULS BRANCHES'!O7 -> 2773.8952 | E58: ='CALCULS BRANCHES'!AB7 -> 100 | F58: =IF(COUNTIF(B58,""),,CTLS_FF!N7) -> 13.280135 | G58: =IF(COUNTIF(B58,""),,25) -> 25 | H58: =CHOOSE(HLOOKUP($C$3,$C$5:$D$6,2,FALSE),F58,G58) -> 13.280135
B59: ='CALCULS BRANCHES'!A8 | C59: ='CALCULS BRANCHES'!B8 | D59: ='CALCULS BRANCHES'!O8 | E59: ='CALCULS BRANCHES'!AB8 | F59: =IF(COUNTIF(B59,""),,CTLS_FF!N8) | G59: =IF(COUNTIF(B59,""),,25) | H59: =CHOOSE(HLOOKUP($C$3,$C$5:$D$6,2,FALSE),F59,G59)
B60: ='CALCULS BRANCHES'!A9 | C60: ='CALCULS BRANCHES'!B9 | D60: ='CALCULS BRANCHES'!O9 | E60: ='CALCULS BRANCHES'!AB9 | F60: =IF(COUNTIF(B60,""),,CTLS_FF!N9) | G60: =IF(COUNTIF(B60,""),,25) | H60: =CHOOSE(HLOOKUP($C$3,$C$5:$D$6,2,FALSE),F60,G60)
B61: ='CALCULS BRANCHES'!A10 | C61: ='CALCULS BRANCHES'!B10 | D61: ='CALCULS BRANCHES'!O10 | E61: ='CALCULS BRANCHES'!AB10 | F61: =IF(COUNTIF(B61,""),,CTLS_FF!N10) | G61: =IF(COUNTIF(B61,""),,25) | H61: =CHOOSE(HLOOKUP($C$3,$C$5:$D$6,2,FALSE),F61,G61)
B62: ='CALCULS BRANCHES'!A11 | C62: ='CALCULS BRANCHES'!B11 | D62: ='CALCULS BRANCHES'!O11 | E62: ='CALCULS BRANCHES'!AB11 | F62: =IF(COUNTIF(B62,""),,CTLS_FF!N11) | G62: =IF(COUNTIF(B62,""),,25) | H62: =CHOOSE(HLOOKUP($C$3,$C$5:$D$6,2,FALSE),F62,G62)
B63: ='CALCULS BRANCHES'!A12 | C63: ='CALCULS BRANCHES'!B12 | D63: ='CALCULS BRANCHES'!O12 | E63: ='CALCULS BRANCHES'!AB12 | F63: =IF(COUNTIF(B63,""),,CTLS_FF!N12) | G63: =IF(COUNTIF(B63,""),,25) | H63: =CHOOSE(HLOOKUP($C$3,$C$5:$D$6,2,FALSE),F63,G63)
B64: ='CALCULS BRANCHES'!A13 | C64: ='CALCULS BRANCHES'!B13 | D64: ='CALCULS BRANCHES'!O13 | E64: ='CALCULS BRANCHES'!AB13 | F64: =IF(COUNTIF(B64,""),,CTLS_FF!N13) | G64: =IF(COUNTIF(B64,""),,25) | H64: =CHOOSE(HLOOKUP($C$3,$C$5:$D$6,2,FALSE),F64,G64)
... B70: ='CALCULS BRANCHES'!A19 | C70: ='CALCULS BRANCHES'!B19 | D70: ='CALCULS BRANCHES'!O19 | E70: ='CALCULS BRANCHES'!AB19 | F70: =IF(COUNTIF(B70,""),,CTLS_FF!N19) | G70: =IF(COUNTIF(B70,""),,25) | H70: =CHOOSE(HLOOKUP($C$3,$C$5:$D$6,2,FALSE),F70,G70)
B71: Procedures | F71: 18 | G71: 25 | H71: =CHOOSE(HLOOKUP($C$3,$C$5:$D$6,2,FALSE),F71,G71) -> 18

Sheet DR400120_PERFORMANCE
A1: Extrait Manuel de Vol DR400/120 F-GTZS
A3: Distance roulement
C4: -20 | E4: 0 | G4: 20
C5: 700 | D5: 900 | E5: 700 | F5: 900 | G5: 700 | H5: 900
B6: 0 | C6: 130 | D6: 225 | E6: 145 | F6: 235 | G6: 165 | H6: 285
B7: 4000 | C7: 175 | D7: 305 | E7: 195 | F7: 345 | G7: 220 | H7: 390
B8: 8000 | C8: 235 | D8: 425 | E8: 265 | F8: 475 | G8: 300 | H8: 535
C11: -20 | D11: 0 | E11: 20 | F11: =IsaDeviation(Zp,OAT) -> 9.654
B12: 0 | C12: {=_xlfn.FORECAST.LINEAR(DR400_TOW,{C6;D6},{C$5;D$5})*DR400_DdCorr} -> 231.58991 | D12: {=_xlfn.FORECAST.LINEAR(DR400_TOW,{E6;F6},{E$5;F$5})*DR400_DdCorr} -> 247.89906 | E12: {=_xlfn.FORECAST.LINEAR(DR400_TOW,{G6;H6},{G$5;H$5})*DR400_DdCorr} -> 293.56468 | F12: =_xlfn.FORECAST.LINEAR(F$11,C12:E12,C$11:E$11) -> 272.64216
B13: 4000 | C13: {=_xlfn.FORECAST.LINEAR(DR400_TOW,{C7;D7},{C$5;D$5})*DR400_DdCorr} -> 313.13566 | D13: {=_xlfn.FORECAST.LINEAR(DR400_TOW,{E7;F7},{E$5;F$5})*DR400_DdCorr} -> 352.27761 | E13: {=_xlfn.FORECAST.LINEAR(DR400_TOW,{G7;H7},{G$5;H$5})*DR400_DdCorr} -> 397.94323 | F13: =_xlfn.FORECAST.LINEAR(F$11,C13:E13,C$11:E$11) -> 374.92047
B14: 8000 | C14: {=_xlfn.FORECAST.LINEAR(DR400_TOW,{C8;D8},{C$5;D$5})*DR400_DdCorr} -> 430.56153 | D14: {=_xlfn.FORECAST.LINEAR(DR400_TOW,{E8;F8},{E$5;F$5})*DR400_DdCorr} -> 482.7508 | E14: {=_xlfn.FORECAST.LINEAR(DR400_TOW,{G8;H8},{G$5;H$5})*DR400_DdCorr} -> 544.72557 | F14: =_xlfn.FORECAST.LINEAR(F$11,C14:E14,C$11:E$11) -> 513.56612
B15: =Zp -> -173 | C15: =_xlfn.FORECAST.LINEAR($B15,C12:C14,$B12:$B14) -> 221.30713 | D15: =_xlfn.FORECAST.LINEAR($B15,D12:D14,$B12:$B14) -> 238.47129 | E15: =_xlfn.FORECAST.LINEAR($B15,E12:E14,$B12:$B14) -> 281.06603 | F15: =_xlfn.FORECAST.LINEAR(F$11,C15:E15,C$11:E$11) -> 261.37096
A17: Distance décollage
C18: -20 | E18: 0 | G18: 20
C19: 700 | D19: 900 | E19: 700 | F19: 900 | G19: 700 | H19: 900
B20: 0 | C20: 285 | D20: 480 | E20: 315 | F20: 535 | G20: 345 | H20: 590
B21: 4000 | C21: 375 | D21: 645 | E21: 415 | F21: 720 | G21: 460 | H21: 800
B22: 8000 | C22: 500 | D22: 890 | E22: 560 | F22: 1000 | G22: 620 | H22: 1125
C25: -20 | D25: 0 | E25: 20 | F25: =IsaDeviation(Zp,OAT) -> 9.654
B26: 0 | C26: {=_xlfn.FORECAST.LINEAR(DR400_TOW,{C20;D20},{C$19;D$19})*DR400_DdCorr} -> 499.05995 | D26: {=_xlfn.FORECAST.LINEAR(DR400_TOW,{E20;F20},{E$19;F$19})*DR400_DdCorr} -> 554.51106 | E26: {=_xlfn.FORECAST.LINEAR(DR400_TOW,{G20;H20},{G$19;H$19})*DR400_DdCorr} -> 609.96216 | F26: =_xlfn.FORECAST.LINEAR(F$25,C26:E26,C$25:E$25) -> 581.27731
B27: 4000 | C27: {=_xlfn.FORECAST.LINEAR(DR400_TOW,{C21;D21},{C$19;D$19})*DR400_DdCorr} -> 665.41327 | D27: {=_xlfn.FORECAST.LINEAR(DR400_TOW,{E21;F21},{E$19;F$19})*DR400_DdCorr} -> 740.43535 | E27: {=_xlfn.FORECAST.LINEAR(DR400_TOW,{G21;H21},{G$19;H$19})*DR400_DdCorr} -> 821.9811 | F27: =_xlfn.FORECAST.LINEAR(F$25,C27:E27,C$25:E$25) -> 780.39755
B28: 8000 | C28: {=_xlfn.FORECAST.LINEAR(DR400_TOW,{C22;D22},{C$19;D$19})*DR400_DdCorr} -> 906.78867 | D28: {=_xlfn.FORECAST.LINEAR(DR400_TOW,{E22;F22},{E$19;F$19})*DR400_DdCorr} -> 1017.6909 | E28: {=_xlfn.FORECAST.LINEAR(DR400_TOW,{G22;H22},{G$19;H$19})*DR400_DdCorr} -> 1138.3786 | F28: =_xlfn.FORECAST.LINEAR(F$25,C28:E28,C$25:E$25) -> 1076.8469
B29: =Zp -> -173 | C29: =_xlfn.FORECAST.LINEAR($B29,C26:C28,$B26:$B28) -> 477.73914 | D29: =_xlfn.FORECAST.LINEAR($B29,D26:D28,$B26:$B28) -> 529.27292 | E29: =_xlfn.FORECAST.LINEAR($B29,E26:E28,$B26:$B28) -> 581.13873 | F29: =_xlfn.FORECAST.LINEAR(F$25,C29:E29,C$25:E$25) -> 554.33909
B33: Veff | C33: Corr. | E33: Piste | F33: Sèche | G33: Humide
B34: <0 | C34: +10% / 2 kts | E34: Dur | F34: 0 | G34: 0.1
B35: 10 | C35: 0.85 | E35: Herbe | F35: 0.15 | G35: 0.35
B36: 20 | C36: 0.65
B37: 30 | C37: 0.55
B40: Usure | D40: 1.1
B41: Expérience pilote | D41: 1.15
B42: Vent | C42: DdCorrW | D42: =IF(Veff>0, FORECAST(Veff,C35:C37,B35:B37),1-Veff/2*10%) -> 0.90833333
B43: Surface | C43: DdCorrSurf | D43: =1+SWITCH(SurfType,"Dur",SWITCH(SurfEtat,"Sèche",F34,"Humide",G34),"Herbe",SWITCH(SurfEtat,"Sèche",F35,"Humide",G35)) -> 1.15
B44: Déclivité | C44: DdCorrDécl | D44: =1+(5%*Slope*100) -> 0.98738759 | E44: 5% par %
B45: TOTAL | C45: DdCorr | D45: =PRODUCT(D40:D44) -> 1.3047319
G48: Vz max
B49: TOW | C49: =DR400_TOW -> 800 | E49: Vy | F49: =D57 -> 144.456 | G49: =E70 -> 4.2793583
B50: Zp | C50: =Zp -> -173 | E50: Vx | F50: =E55 -> 129.64 | G50: =E58 -> 3.1122888
B53: Position volets | D53: 0 | E53: 15 | F53: °
B54: Vitesse pente max | C54: Vx | E54: 70 | F54: kn
E55: =CONVERT(E54,$F54,$F55) -> 129.64 | F55: km/h
B56: Vitesse Vz max | C56: Vy | D56: 78 | E56: 75 | F56: kn
D57: =CONVERT(D56,$F56,$F57) -> 144.456 | E57: =CONVERT(E56,$F56,$F57) -> 138.9 | F57: km/h
B58: Vitesse ascensionnelle | C58: Vz | D58: =E70 -> 4.2793583 | E58: =2.9*(1+VzCorrZ*Zp/1000)*(1+IsaDeviation(Zp,OAT)/10*VzCorrT) -> 3.1122888 | F58: m/s (corrigé Zp, T)
B61: Vz (Std, volets rentrés) | C61: 800 | D61: 900
B62: 0 | C62: 4.1 | D62: 3.05
B63: 9200 | C63: 2 | D63: {=_xlfn.FORECAST.LINEAR(B63,{D62;D64},{B62;B64})} -> 1.095
B64: 12000 | C64: =_xlfn.FORECAST.LINEAR(B64,C62:C63,B62:B63) -> 1.3608696 | D64: 0.5
B66: Vz (Corr. T, volets rentrés) | C66: 800 | D66: 900 | E66: =DR400_TOW -> 800
B67: 0 | C67: =C62*(1+IsaDeviation(Zp,OAT)/10*VzCorrT) -> 4.2385349 | D67: =D62*(1+IsaDeviation(Zp,OAT)/10*VzCorrT) -> 3.1530564 | E67: =_xlfn.FORECAST.LINEAR(E$66,C67:D67,C$66:D$66) -> 4.2385349
B68: 9200 | C68: =C63*(1+IsaDeviation(Zp,OAT)/10*VzCorrT) -> 2.067578 | D68: =D63*(1+IsaDeviation(Zp,OAT)/10*VzCorrT) -> 1.131999 | E68: =_xlfn.FORECAST.LINEAR(E$66,C68:D68,C$66:D$66) -> 2.067578
B69: 12000 | C69: =C64*(1+IsaDeviation(Zp,OAT)/10*VzCorrT) -> 1.406852 | D69: =D64*(1+IsaDeviation(Zp,OAT)/10*VzCorrT) -> 0.5168945 | E69: =_xlfn.FORECAST.LINEAR(E$66,C69:D69,C$66:D$66) -> 1.406852
B70: =Zp -> -173 | C70: =_xlfn.FORECAST.LINEAR($B70,C67:C69,$B67:$B69) -> 4.2793583 | D70: =_xlfn.FORECAST.LINEAR($B70,D67:D69,$B67:$B69) -> 3.1910611 | E70: =_xlfn.FORECAST.LINEAR($B70,E67:E69,$B67:$B69) -> 4.2793583
B72: Correction Vz / Température | C72: 0.035 | D72: par 10° Déviation ISA
B73: Correction Vz / Altitude | C73: {=AVERAGE({(DR400120_PERFORMANCE!C64-DR400120_PERFORMANCE!C62)/DR400120_PERFORMANCE!$B64*1000;(DR400120_PERFORMANCE!D64-DR400120_PERFORMANCE!D62)/DR400120_PERFORMANCE!$B64*1000})} -> -0.22038043 | D73: m/s par 1000 ft
A75: Distance roulement
C76: -20 | E76: 0 | G76: 20
C77: 700 | D77: 900 | E77: 700 | F77: 900 | G77: 700 | H77: 900
B78: 0 | C78: 145 | D78: 185 | E78: 155 | F78: 200 | G78: 165 | H78: 210
B79: 4000 | C79: 160 | D79: 205 | E79: 175 | F79: 225 | G79: 185 | H79: 240
B80: 8000 | C80: 180 | D80: 235 | E80: 195 | F80: 250 | G80: 210 | H80: 270
C83: -20 | D83: 0 | E83: 20 | F83: =IsaDeviation(Zp,OAT) -> 9.654
B84: 0 | C84: {=_xlfn.FORECAST.LINEAR(DR400_TOW,{C78;D78},{C$5;D$5})*DR400_DdCorr} -> 215.28076 | D84: {=_xlfn.FORECAST.LINEAR(DR400_TOW,{E78;F78},{E$5;F$5})*DR400_DdCorr} -> 231.58991 | E84: {=_xlfn.FORECAST.LINEAR(DR400_TOW,{G78;H78},{G$5;H$5})*DR400_DdCorr} -> 244.63723 | F84: =_xlfn.FORECAST.LINEAR(F$11,C84:E84,C$11:E$11) -> 237.58782
B85: 4000 | C85: {=_xlfn.FORECAST.LINEAR(DR400_TOW,{C79;D79},{C$5;D$5})*DR400_DdCorr} -> 238.11357 | D85: {=_xlfn.FORECAST.LINEAR(DR400_TOW,{E79;F79},{E$5;F$5})*DR400_DdCorr} -> 260.94638 | E85: {=_xlfn.FORECAST.LINEAR(DR400_TOW,{G79;H79},{G$5;H$5})*DR400_DdCorr} -> 277.25553 | F85: =_xlfn.FORECAST.LINEAR(F$11,C85:E85,C$11:E$11) -> 268.21874
B86: 8000 | C86: {=_xlfn.FORECAST.LINEAR(DR400_TOW,{C80;D80},{C$5;D$5})*DR400_DdCorr} -> 270.73187 | D86: {=_xlfn.FORECAST.LINEAR(DR400_TOW,{E80;F80},{E$5;F$5})*DR400_DdCorr} -> 290.30285 | E86: {=_xlfn.FORECAST.LINEAR(DR400_TOW,{G80;H80},{G$5;H$5})*DR400_DdCorr} -> 313.13566 | F86: =_xlfn.FORECAST.LINEAR(F$11,C86:E86,C$11:E$11) -> 301.62428
B87: =Zp -> -173 | C87: =_xlfn.FORECAST.LINEAR($B87,C84:C86,$B84:$B86) -> 212.45072 | D87: =_xlfn.FORECAST.LINEAR($B87,D84:D86,$B84:$B86) -> 230.32024 | E87: =_xlfn.FORECAST.LINEAR($B87,E84:E86,$B84:$B86) -> 242.61231 | F87: =_xlfn.FORECAST.LINEAR(F$11,C87:E87,C$11:E$11) -> 235.74059
A89: Distance atterrissage
C90: -20 | E90: 0 | G90: 20
C91: 700 | D91: 900 | E91: 700 | F91: 900 | G91: 700 | H91: 900
B92: 0 | C92: 365 | D92: 435 | E92: 385 | F92: 460 | G92: 400 | H92: 485
B93: 4000 | C93: 395 | D93: 475 | E93: 420 | F93: 505 | G93: 440 | H93: 535
B94: 8000 | C94: 430 | D94: 525 | E94: 460 | F94: 555 | G94: 485 | H94: 590
C97: -20 | D97: 0 | E97: 20 | F97: =IsaDeviation(Zp,OAT) -> 9.654
B98: 0 | C98: {=_xlfn.FORECAST.LINEAR(DR400_LW,{C92;D92},{C$19;D$19})*DR400_DdCorr} -> 476.22714 | D98: {=_xlfn.FORECAST.LINEAR(DR400_LW,{E92;F92},{E$19;F$19})*DR400_DdCorr} -> 502.32178 | E98: {=_xlfn.FORECAST.LINEAR(DR400_LW,{G92;H92},{G$19;H$19})*DR400_DdCorr} -> 521.89276 | F98: =_xlfn.FORECAST.LINEAR(F$25,C98:E98,C$25:E$25) -> 511.16862
B99: 4000 | C99: {=_xlfn.FORECAST.LINEAR(DR400_LW,{C93;D93},{C$19;D$19})*DR400_DdCorr} -> 515.3691 | D99: {=_xlfn.FORECAST.LINEAR(DR400_LW,{E93;F93},{E$19;F$19})*DR400_DdCorr} -> 547.9874 | E99: {=_xlfn.FORECAST.LINEAR(DR400_LW,{G93;H93},{G$19;H$19})*DR400_DdCorr} -> 574.08204 | F99: =_xlfn.FORECAST.LINEAR(F$25,C99:E99,C$25:E$25) -> 559.98321
B100: 8000 | C100: {=_xlfn.FORECAST.LINEAR(DR400_LW,{C94;D94},{C$19;D$19})*DR400_DdCorr} -> 561.03472 | D100: {=_xlfn.FORECAST.LINEAR(DR400_LW,{E94;F94},{E$19;F$19})*DR400_DdCorr} -> 600.17667 | E100: {=_xlfn.FORECAST.LINEAR(DR400_LW,{G94;H94},{G$19;H$19})*DR400_DdCorr} -> 632.79497 | F100: =_xlfn.FORECAST.LINEAR(F$25,C100:E100,C$25:E$25) -> 615.32146
B101: =Zp -> -173 | C101: =_xlfn.FORECAST.LINEAR($B101,C98:C100,$B98:$B100) -> 473.3059 | D101: =_xlfn.FORECAST.LINEAR($B101,D98:D100,$B98:$B100) -> 499.11839 | E101: =_xlfn.FORECAST.LINEAR($B101,E98:E100,$B98:$B100) -> 518.40722 | F101: =_xlfn.FORECAST.LINEAR(F$25,C101:E101,C$25:E$25) -> 507.82904
B104: Veff | C104: Corr. | E104: Piste | F104: Sèche | G104: Humide
B105: <0 | C105: +10% / 2 kts | E105: Dur | F105: 0 | G105: 0
B106: 10 | C106: 0.78 | E106: Herbe | F106: 0.15 | G106: 0
B107: 20 | C107: 0.63
B108: 30 | C108: 0.52
B111: Vent | C111: DaCorrW | D111: =IF(Veff>0, FORECAST(Veff,C106:C108,B106:B108),1-Veff/2*10%) -> 0.83833333
B112: Surface | C112: DaCorrSurf | D112: =1+SWITCH(SurfType,"Dur",SWITCH(SurfEtat,"Sèche",F105,"Humide",G105),"Herbe",SWITCH(SurfEtat,"Sèche",F106,"Humide",G106)) -> 1.15
B113: TOTAL | C113: DaCorr | D113: =PRODUCT(D111:D112) -> 0.96408333

Sheet CTLS-LSA_PERFORMANCE
A2: Take-off Roll Distance (ft) | C2: Density Altitude (ft) | F2: Takeoff Distance (ft) | H2: Density Altitude (ft)
A3: Mass (kg) | B3: 0 | C3: =Zd -> 973.8952 | D3: 5000 | F3: Mass (kg) | G3: 0 | H3: =Zd -> 973.8952 | I3: 5000
A4: 400 | B4: 262.5 | C4: =FORECAST(C$3,{B4;D4},{B$3;D$3}) -> 286.84738 | D4: 387.5 | F4: 400 | G4: 475 | H4: =FORECAST(H$3,{G4;I4},{G$3;I$3}) -> 518.82528 | I4: 700
A5: 450 | B5: 362.5 | C5: =FORECAST(C$3,{B5;D5},{B$3;D$3}) -> 399.02107 | D5: 550 | F5: 450 | G5: 662.5 | H5: =FORECAST(H$3,{G5;I5},{G$3;I$3}) -> 720.93371 | I5: 962.5
A6: 500 | B6: 487.5 | C6: =FORECAST(C$3,{B6;D6},{B$3;D$3}) -> 533.76002 | D6: 725 | F6: 500 | G6: 887.5 | H6: =FORECAST(H$3,{G6;I6},{G$3;I$3}) -> 967.84635 | I6: 1300
A7: 550 | B7: 643.75 | C7: =FORECAST(C$3,{B7;D7},{B$3;D$3}) -> 703.40108 | D7: 950 | F7: 550 | G7: 1150 | H7: =FORECAST(H$3,{G7;I7},{G$3;I$3}) -> 1259.5632 | I7: 1712.5
A8: 600 | B8: 818.75 | C8: =FORECAST(C$3,{B8;D8},{B$3;D$3}) -> 895.44425 | D8: 1212.5 | F8: 600 | G8: 1487.5 | H8: =FORECAST(H$3,{G8;I8},{G$3;I$3}) -> 1622.628 | I8: 2181.25
A9: =CTLS_TOW -> 599.55 | B9: =FORECAST($A9,B4:B8,$A4:$A8) -> 792.49563 | C9: =FORECAST($A9,C4:C8,$A4:$A8) -> 866.64009 | D9: =FORECAST($A9,D4:D8,$A4:$A8) -> 1173.155 | F9: =CTLS_TOW -> 599.55 | G9: =FORECAST($F9,G4:G8,$F4:$F8) -> 1432.7387 | H9: =FORECAST($F9,H4:H8,$F4:$F8) -> 1564.7347 | I9: =FORECAST($F9,I4:I8,$F4:$F8) -> 2110.4088
B11: Drd | C11: =convert(C9,"ft","m")*CTLS_DrdCorr -> 334.15215 | D11: m | G11: Dd | H11: =convert(H9,"ft","m")*CTLS_DdCorr -> 603.31787 | I11: m
A13: Landing Roll (ft) | C13: Density Altitude (ft) | F13: Landing Distance (ft) | H13: Density Altitude (ft)
A14: Mass (kg) | B14: 0 | C14: =Zd -> 973.8952 | D14: 5000 | F14: Mass (kg) | G14: 0 | H14: =Zd -> 973.8952 | I14: 5000
A15: 400 | B15: 193.75 | C15: =FORECAST(C$14,{B15;D15},{B$14;D$14}) -> 204.70632 | D15: 250 | F15: 400 | G15: 512.5 | H15: =FORECAST(H$14,{G15;I15},{G$14;I$14}) -> 538.06475 | I15: 643.75
A16: 450 | B16: 268.75 | C16: =FORECAST(C$14,{B16;D16},{B$14;D$14}) -> 284.5758 | D16: 350 | F16: 450 | G16: 700 | H16: =FORECAST(H$14,{G16;I16},{G$14;I$14}) -> 740.17318 | I16: 906.25
A17: 500 | B17: 368.75 | C17: =FORECAST(C$14,{B17;D17},{B$14;D$14}) -> 388.2279 | D17: 468.75 | F17: 500 | G17: 943.75 | H17: =FORECAST(H$14,{G17;I17},{G$14;I$14}) -> 998.53161 | I17: 1225
A18: 550 | B18: 481.25 | C18: =FORECAST(C$14,{B18;D18},{B$14;D$14}) -> 506.81475 | D18: 612.5 | F18: 550 | G18: 1243.75 | H18: =FORECAST(H$14,{G18;I18},{G$14;I$14}) -> 1313.14 | I18: 1600
A19: 600 | B19: 606.25 | C19: =FORECAST(C$14,{B19;D19},{B$14;D$14}) -> 641.5537 | D19: 787.5 | F19: 600 | G19: 1581.25 | H19: =FORECAST(H$14,{G19;I19},{G$14;I$14}) -> 1668.9006 | I19: 2031.25
A20: =CTLS_LW -> 590.21086 | B20: =FORECAST($A20,B15:B19,$A15:$A19) -> 570.93753 | C20: =FORECAST($A20,C15:C19,$A15:$A19) -> 602.90593 | D20: =FORECAST($A20,D15:D19,$A15:$A19) -> 735.06404 | F20: =CTLS_LW -> 590.21086 | G20: =FORECAST($F20,G15:G19,$F15:$F19) -> 1480.0057 | H20: =FORECAST($F20,H15:H19,$F15:$F19) -> 1563.1924 | I20: =FORECAST($F20,I15:I19,$F15:$F19) -> 1907.0878
B22: Dra | C22: =convert(C20,"ft","m")*CTLS_DraCorr -> 211.33059 | D22: m | G22: Da | H22: =convert(H20,"ft","m")*CTLS_DaCorr -> 547.93019 | I22: m
F24: Vz max
A25: TOW | B25: =CTLS_TOW -> 599.55 | D25: Vy | E25: =C43 -> 72.960873 | F25: =C35 -> 747.5857
A26: Zd | B26: =Zd -> 973.8952 | D26: Vx | E26: =H43 -> 67.020249 | F26: =H35 -> 686.27158
A29: Climb Rate 0° | B29: 472.5 | C29: =B25 -> 599.55 | D29: 600 | F29: Climb Rate 15° | G29: 472.5 | H29: =B25 -> 599.55 | I29: 600
A30: 0 | B30: 1000 | C30: =_xlfn.FORECAST.LINEAR(C$29,{B30;D30},{B$29;D$29}) -> 800.70588 | D30: 800 | F30: 0 | G30: 900 | H30: =_xlfn.FORECAST.LINEAR(H$29,{G30;I30},{G$29;I$29}) -> 740.56471 | I30: 740
A31: 5000 | B31: 720 | C31: =_xlfn.FORECAST.LINEAR(C$29,{B31;D31},{B$29;D$29}) -> 520.70588 | D31: 520 | F31: 5000 | G31: 680 | H31: =_xlfn.FORECAST.LINEAR(H$29,{G31;I31},{G$29;I$29}) -> 460.77647 | I31: 460
A32: 10000 | B32: 500 | C32: =_xlfn.FORECAST.LINEAR(C$29,{B32;D32},{B$29;D$29}) -> 260.84706 | D32: 260 | F32: 10000 | G32: 440 | H32: =_xlfn.FORECAST.LINEAR(H$29,{G32;I32},{G$29;I$29}) -> 280.56471 | I32: 280
A33: 12000 | B33: 400 | C33: =_xlfn.FORECAST.LINEAR(C$29,{B33;D33},{B$29;D$29}) -> 120.98824 | D33: 120 | F33: 12000 | G33: 280 | H33: =_xlfn.FORECAST.LINEAR(H$29,{G33;I33},{G$29;I$29}) -> 100.63529 | I33: 100
A34: 15000 | B34: 300 | F34: 15000 | G34: 260
A35: =B26 -> 973.8952 | B35: =_xlfn.FORECAST.LINEAR($A35,B30:B34,$A30:$A34) -> 932.58515 | C35: {=_xlfn.FORECAST.LINEAR(C$29,{B35;D35},{B$29;D$29})} -> 747.5857 | D35: =_xlfn.FORECAST.LINEAR($A35,D30:D34,$A30:$A34) -> 746.93045 | F35: =B26 -> 973.8952 | G35: =_xlfn.FORECAST.LINEAR($F35,G30:G34,$F30:$F34) -> 850.90807 | H35: =_xlfn.FORECAST.LINEAR($F35,H30:H34,$F30:$F34) -> 686.27158 | I35: =_xlfn.FORECAST.LINEAR($F35,I30:I34,$F30:$F34) -> 685.63628
A37: CAS 0° | B37: 472.5 | C37: =B25 -> 599.55 | D37: 600 | F37: CAS 15° | G37: 472.5 | H37: =B25 -> 599.55 | I37: 600
A38: 0 | B38: 72 | C38: =_xlfn.FORECAST.LINEAR(C$37,{B38;D38},{B$37;D$37}) -> 72.996471 | D38: 73 | F38: 0 | G38: 64 | H38: =_xlfn.FORECAST.LINEAR(H$37,{G38;I38},{G$37;I$37}) -> 66.989412 | I38: 67
A39: 5000 | B39: 71 | C39: =_xlfn.FORECAST.LINEAR(C$37,{B39;D39},{B$37;D$37}) -> 71.996471 | D39: 72 | F39: 5000 | G39: 64 | H39: =_xlfn.FORECAST.LINEAR(H$37,{G39;I39},{G$37;I$37}) -> 65.992941 | I39: 66
A40: 10000 | B40: 69 | C40: =_xlfn.FORECAST.LINEAR(C$37,{B40;D40},{B$37;D$37}) -> 70.992941 | D40: 71 | F40: 10000 | G40: 62 | H40: =_xlfn.FORECAST.LINEAR(H$37,{G40;I40},{G$37;I$37}) -> 63.992941 | I40: 64
A41: 12000 | B41: 68 | C41: =_xlfn.FORECAST.LINEAR(C$37,{B41;D41},{B$37;D$37}) -> 68.996471 | D41: 69 | F41: 12000 | G41: 62 | H41: =_xlfn.FORECAST.LINEAR(H$37,{G41;I41},{G$37;I$37}) -> 62 | I41: 62
A42: 15000 | B42: 67 | F42: 15000 | G42: 61
A43: =B26 -> 973.8952 | B43: =_xlfn.FORECAST.LINEAR($A43,B38:B42,$A38:$A42) -> 71.966529 | C43: =_xlfn.FORECAST.LINEAR($A43,C38:C42,$A38:$A42) -> 72.960873 | D43: =_xlfn.FORECAST.LINEAR($A43,D38:D42,$A38:$A42) -> 72.964521 | F43: =B26 -> 973.8952 | G43: =_xlfn.FORECAST.LINEAR($F43,G38:G42,$F38:$F42) -> 64.188303 | H43: =_xlfn.FORECAST.LINEAR($F43,H38:H42,$F38:$F42) -> 67.020249 | I43: =_xlfn.FORECAST.LINEAR($F43,I38:I42,$F38:$F42) -> 67.030479
A47: Influence | C47: Applicable | D47: TKOF Roll Dist. | E47: TKOF Dist. | F47: LDG Roll Dist. | G47: LDG Dist. | H47: TKOF Roll Dist. | I47: TKOF Dist. | J47: LDG Roll Dist. | K47: LDG Dist.
A48: Usure | C48: Yes | D48: 1.1 | E48: 1.1 | H48: =IF($C48="Yes",D48,1) -> 1.1 | I48: =IF($C48="Yes",E48,1) -> 1.1 | J48: =IF($C48="Yes",F48,1) | K48: =IF($C48="Yes",G48,1)
A49: Expérience pilote | C49: Yes | D49: 1.15 | E49: 1.15 | F49: 1.15 | G49: 1.15 | H49: =IF($C49="Yes",D49,1) -> 1.15 | I49: =IF($C49="Yes",E49,1) -> 1.15 | J49: =IF($C49="Yes",F49,1) -> 1.15 | K49: =IF($C49="Yes",G49,1) -> 1.15
A50: High grass | C50: No | D50: 1.2 | E50: 1.17 | F50: 1.2 | G50: 1.17 | H50: =IF($C50="Yes",D50,1) -> 1 | I50: =IF($C50="Yes",E50,1) -> 1 | J50: =IF($C50="Yes",F50,1) -> 1 | K50: =IF($C50="Yes",G50,1) -> 1
A51: Flaps 0 | C51: No | D51: 1.1 | E51: 1.2 | H51: =IF($C51="Yes",D51,1) -> 1 | I51: =IF($C51="Yes",E51,1) -> 1 | J51: =IF($C51="Yes",F51,1) -> 1 | K51: =IF($C51="Yes",G51,1) -> 1
A52: Slope | B52: 0.02 | C52: =IF(B54>0,"Yes","No") -> No | D52: 1.1 | E52: 1.1 | F52: 1.1 | G52: 1.1 | H52: =D54 -> 1 | I52: =E54 -> 1 | J52: =F54 -> 1 | K52: =G54 -> 1
B53: 0.04 | D53: 1.14 | E53: 1.12 | F53: 1.14 | G53: 1.12
B54: =IF(Slope>0,#REF!,0) -> 0 | D54: =IF($B54>0, FORECAST($B54,D52:D53,$B52:$B53),1) -> 1 | E54: =IF($B54>0, FORECAST($B54,E52:E53,$B52:$B53),1) -> 1 | F54: =IF($B54>0, FORECAST($B54,F52:F53,$B52:$B53),1) -> 1 | G54: =IF($B54>0, FORECAST($B54,G52:G53,$B52:$B53),1) -> 1
A55: Tail wind (kt) | B55: 5 | C55: =IF(B56>0,"Yes","No") -> No | D55: 1.2 | E55: 1.25 | F55: 1.2 | G55: 1.25 | H55: =D56 -> 1 | I55: =E56 -> 1 | J55: =F56 -> 1 | K55: =G56 -> 1
B56: =IF(Veff<0,-Veff,0) -> 0 | D56: =$B56/$B55*(D55-1)+1 -> 1 | E56: =$B56/$B55*(E55-1)+1 -> 1 | F56: =$B56/$B55*(F55-1)+1 -> 1 | G56: =$B56/$B55*(G55-1)+1 -> 1
A57: Wet snow | C57: No | D57: 1.3 | H57: =IF($C57="Yes",D57,1) -> 1 | J57: =IF($C57="Yes",F57,1) -> 1
A58: Soaked soil | C58: No | D58: 1.16 | H58: =IF($C58="Yes",D58,1) -> 1 | J58: =IF($C58="Yes",F58,1) -> 1
A59: TOTAL | H59: =PRODUCT(H48:H58) -> 1.265 | I59: =PRODUCT(I48:I58) -> 1.265 | J59: =PRODUCT(J48:J58) -> 1.15 | K59: =PRODUCT(K48:K58) -> 1.15

Sheet FREQUENCES
A1: =IFERROR(__xludf.DUMMYFUNCTION("IMPORTRANGE(""https://docs.google.com/spreadsheets/d/1nWAfPSrBub0Dk95_hUPK_AHXC2zJl8VJ22upIdGhiyQ/edit#gid=806027610"",""FREQUENCES!A:A"")"),"LES MUREAUX") -> LES MUREAUX | B1: =IFERROR(__xludf.DUMMYFUNCTION("IMPORTRANGE(""https://docs.google.com/spreadsheets/d/1nWAfPSrBub0Dk95_hUPK_AHXC2zJl8VJ22upIdGhiyQ/edit#gid=806027610"",""FREQUENCES!B:B"")"),122.955) -> 122.955
A2: =IFERROR(__xludf.DUMMYFUNCTION("""COMPUTED_VALUE"""),"PONTOISE Tour") -> PONTOISE Tour | B2: =IFERROR(__xludf.DUMMYFUNCTION("""COMPUTED_VALUE"""),121.2) -> 121.2
A3: =IFERROR(__xludf.DUMMYFUNCTION("""COMPUTED_VALUE"""),"LE BOURGET Approche") -> LE BOURGET Approche | B3: =IFERROR(__xludf.DUMMYFUNCTION("""COMPUTED_VALUE"""),118.8) -> 118.8
A4: =IFERROR(__xludf.DUMMYFUNCTION("""COMPUTED_VALUE"""),"LE BOURGET Info") -> LE BOURGET Info | B4: =IFERROR(__xludf.DUMMYFUNCTION("""COMPUTED_VALUE"""),123.835) -> 123.835
A5: =IFERROR(__xludf.DUMMYFUNCTION("""COMPUTED_VALUE"""),"CHARTRES") -> CHARTRES | B5: =IFERROR(__xludf.DUMMYFUNCTION("""COMPUTED_VALUE"""),119.205) -> 119.205
A6: =IFERROR(__xludf.DUMMYFUNCTION("""COMPUTED_VALUE"""),"DREUX") -> DREUX | B6: =IFERROR(__xludf.DUMMYFUNCTION("""COMPUTED_VALUE"""),118.205) -> 118.205
A7: =IFERROR(__xludf.DUMMYFUNCTION("""COMPUTED_VALUE"""),"PONTOISE ATIS") -> PONTOISE ATIS | B7: =IFERROR(__xludf.DUMMYFUNCTION("""COMPUTED_VALUE"""),124.125) -> 124.125
A8: =IFERROR(__xludf.DUMMYFUNCTION("""COMPUTED_VALUE"""),"GUARD") -> GUARD | B8: =IFERROR(__xludf.DUMMYFUNCTION("""COMPUTED_VALUE"""),121.5) -> 121.5
A9: =IFERROR(__xludf.DUMMYFUNCTION("""COMPUTED_VALUE"""),"ETREPAGNY") -> ETREPAGNY | B9: =IFERROR(__xludf.DUMMYFUNCTION("""COMPUTED_VALUE"""),120.11) -> 120.11
A10: =IFERROR(__xludf.DUMMYFUNCTION("""COMPUTED_VALUE"""),"CHERENCE") -> CHERENCE | B10: =IFERROR(__xludf.DUMMYFUNCTION("""COMPUTED_VALUE"""),134.155) -> 134.155
A11: =IFERROR(__xludf.DUMMYFUNCTION("""COMPUTED_VALUE"""),"CHAVENAY Tour") -> CHAVENAY Tour | B11: =IFERROR(__xludf.DUMMYFUNCTION("""COMPUTED_VALUE"""),129.525) -> 129.525
A12: =IFERROR(__xludf.DUMMYFUNCTION("""COMPUTED_VALUE"""),"CHAVENAY ATIS") -> CHAVENAY ATIS | B12: =IFERROR(__xludf.DUMMYFUNCTION("""COMPUTED_VALUE"""),125.275) -> 125.275
A13: =IFERROR(__xludf.DUMMYFUNCTION("""COMPUTED_VALUE"""),"CHEVREUSE Info") -> CHEVREUSE Info | B13: =IFERROR(__xludf.DUMMYFUNCTION("""COMPUTED_VALUE"""),119.3) -> 119.3
A14: =IFERROR(__xludf.DUMMYFUNCTION("""COMPUTED_VALUE"""),"PARIS OUEST Info") -> PARIS OUEST Info | B14: =IFERROR(__xludf.DUMMYFUNCTION("""COMPUTED_VALUE"""),129.625) -> 129.625
A15: =IFERROR(__xludf.DUMMYFUNCTION("""COMPUTED_VALUE"""),"PARIS NORD Info") -> PARIS NORD Info | B15: =IFERROR(__xludf.DUMMYFUNCTION("""COMPUTED_VALUE"""),125.7) -> 125.7
A16: =IFERROR(__xludf.DUMMYFUNCTION("""COMPUTED_VALUE"""),"PARIS SUD Info") -> PARIS SUD Info | B16: =IFERROR(__xludf.DUMMYFUNCTION("""COMPUTED_VALUE"""),126.1) -> 126.1
A17: =IFERROR(__xludf.DUMMYFUNCTION("""COMPUTED_VALUE"""),"SEINE 1,2,3 Info") -> SEINE 1,2,3 Info | B17: =IFERROR(__xludf.DUMMYFUNCTION("""COMPUTED_VALUE"""),134.3) -> 134.3
A18: =IFERROR(__xludf.DUMMYFUNCTION("""COMPUTED_VALUE"""),"SEINE 4,5 Info") -> SEINE 4,5 Info | B18: =IFERROR(__xludf.DUMMYFUNCTION("""COMPUTED_VALUE"""),120.325) -> 120.325
A19: =IFERROR(__xludf.DUMMYFUNCTION("""COMPUTED_VALUE"""),"SEINE 6,7,8 Info") -> SEINE 6,7,8 Info | B19: =IFERROR(__xludf.DUMMYFUNCTION("""COMPUTED_VALUE"""),127.815) -> 127.815
A20: =IFERROR(__xludf.DUMMYFUNCTION("""COMPUTED_VALUE"""),"BEAUVAIS 1 Info") -> BEAUVAIS 1 Info | B20: =IFERROR(__xludf.DUMMYFUNCTION("""COMPUTED_VALUE"""),123.985) -> 123.985
A21: =IFERROR(__xludf.DUMMYFUNCTION("""COMPUTED_VALUE"""),"BEAUVAIS 2 Info") -> BEAUVAIS 2 Info | B21: =IFERROR(__xludf.DUMMYFUNCTION("""COMPUTED_VALUE"""),119.8) -> 119.8
A22: =IFERROR(__xludf.DUMMYFUNCTION("""COMPUTED_VALUE"""),"DEAUVILLE Info <2500") -> DEAUVILLE Info <2500 | B22: =IFERROR(__xludf.DUMMYFUNCTION("""COMPUTED_VALUE"""),121.425) -> 121.425
A23: =IFERROR(__xludf.DUMMYFUNCTION("""COMPUTED_VALUE"""),"DEAUVILLE Info >2500") -> DEAUVILLE Info >2500 | B23: =IFERROR(__xludf.DUMMYFUNCTION("""COMPUTED_VALUE"""),120.35) -> 120.35
A24: =IFERROR(__xludf.DUMMYFUNCTION("""COMPUTED_VALUE"""),"EVREUX Tour") -> EVREUX Tour | B24: =IFERROR(__xludf.DUMMYFUNCTION("""COMPUTED_VALUE"""),125.375) -> 125.375
A25: =IFERROR(__xludf.DUMMYFUNCTION("""COMPUTED_VALUE"""),"EVREUX Approche") -> EVREUX Approche | B25: =IFERROR(__xludf.DUMMYFUNCTION("""COMPUTED_VALUE"""),118.125) -> 118.125
A26: =IFERROR(__xludf.DUMMYFUNCTION("""COMPUTED_VALUE"""),"EVREUX ATIS") -> EVREUX ATIS | B26: =IFERROR(__xludf.DUMMYFUNCTION("""COMPUTED_VALUE"""),138.225) -> 138.225
A27: =IFERROR(__xludf.DUMMYFUNCTION("""COMPUTED_VALUE"""),"SAINT-ANDRE") -> SAINT-ANDRE | B27: =IFERROR(__xludf.DUMMYFUNCTION("""COMPUTED_VALUE"""),118.98) -> 118.98
A28: =IFERROR(__xludf.DUMMYFUNCTION("""COMPUTED_VALUE"""),"BAILLEAU") -> BAILLEAU | B28: =IFERROR(__xludf.DUMMYFUNCTION("""COMPUTED_VALUE"""),122.055) -> 122.055
A29: =IFERROR(__xludf.DUMMYFUNCTION("""COMPUTED_VALUE"""),"SAINT-CYR Tour") -> SAINT-CYR Tour | B29: =IFERROR(__xludf.DUMMYFUNCTION("""COMPUTED_VALUE"""),118.0) -> 118
A30: =IFERROR(__xludf.DUMMYFUNCTION("""COMPUTED_VALUE"""),"SAINT-CYR ATIS") -> SAINT-CYR ATIS | B30: =IFERROR(__xludf.DUMMYFUNCTION("""COMPUTED_VALUE"""),131.025) -> 131.025
A31: =IFERROR(__xludf.DUMMYFUNCTION("""COMPUTED_VALUE"""),"SAINT-CYR Sol") -> SAINT-CYR Sol | B31: =IFERROR(__xludf.DUMMYFUNCTION("""COMPUTED_VALUE"""),121.95) -> 121.95
A32: =IFERROR(__xludf.DUMMYFUNCTION("""COMPUTED_VALUE"""),"L'AIGLE") -> L'AIGLE | B32: =IFERROR(__xludf.DUMMYFUNCTION("""COMPUTED_VALUE"""),126.855) -> 126.855
A33: =IFERROR(__xludf.DUMMYFUNCTION("""COMPUTED_VALUE"""),"ETAMPES") -> ETAMPES | B33: =IFERROR(__xludf.DUMMYFUNCTION("""COMPUTED_VALUE"""),119.05) -> 119.05
A34: =IFERROR(__xludf.DUMMYFUNCTION("""COMPUTED_VALUE"""),"TOUSSUS Tour") -> TOUSSUS Tour | B34: =IFERROR(__xludf.DUMMYFUNCTION("""COMPUTED_VALUE"""),120.75) -> 120.75
A35: =IFERROR(__xludf.DUMMYFUNCTION("""COMPUTED_VALUE"""),"TOUSSUS ATIS") -> TOUSSUS ATIS | B35: =IFERROR(__xludf.DUMMYFUNCTION("""COMPUTED_VALUE"""),127.48) -> 127.48
A36: =IFERROR(__xludf.DUMMYFUNCTION("""COMPUTED_VALUE"""),"TOUSSUS Sol") -> TOUSSUS Sol | B36: =IFERROR(__xludf.DUMMYFUNCTION("""COMPUTED_VALUE"""),122.13) -> 122.13
A37: =IFERROR(__xludf.DUMMYFUNCTION("""COMPUTED_VALUE"""),"LA FERTE ALAIS") -> LA FERTE ALAIS | B37: =IFERROR(__xludf.DUMMYFUNCTION("""COMPUTED_VALUE"""),129.755) -> 129.755
A38: =IFERROR(__xludf.DUMMYFUNCTION("""COMPUTED_VALUE"""),"ROUEN Tour") -> ROUEN Tour | B38: =IFERROR(__xludf.DUMMYFUNCTION("""COMPUTED_VALUE"""),120.2) -> 120.2
A39: =IFERROR(__xludf.DUMMYFUNCTION("""COMPUTED_VALUE"""),"ROUEN ATIS") -> ROUEN ATIS | B39: =IFERROR(__xludf.DUMMYFUNCTION("""COMPUTED_VALUE"""),120.73) -> 120.73
A40: =IFERROR(__xludf.DUMMYFUNCTION("""COMPUTED_VALUE"""),"PERSAN") -> PERSAN | B40: =IFERROR(__xludf.DUMMYFUNCTION("""COMPUTED_VALUE"""),119.505) -> 119.505
A41: =IFERROR(__xludf.DUMMYFUNCTION("""COMPUTED_VALUE"""),"BEAUVAIS ATIS") -> BEAUVAIS ATIS | B41: =IFERROR(__xludf.DUMMYFUNCTION("""COMPUTED_VALUE"""),118.38) -> 118.38
A42: =IFERROR(__xludf.DUMMYFUNCTION("""COMPUTED_VALUE"""),"BEAUVAIS Tour") -> BEAUVAIS Tour | B42: =IFERROR(__xludf.DUMMYFUNCTION("""COMPUTED_VALUE"""),121.4) -> 121.4
A43: =IFERROR(__xludf.DUMMYFUNCTION("""COMPUTED_VALUE"""),"BEAUVAIS Approche") -> BEAUVAIS Approche | B43: =IFERROR(__xludf.DUMMYFUNCTION("""COMPUTED_VALUE"""),123.985) -> 123.985
A44: =IFERROR(__xludf.DUMMYFUNCTION("""COMPUTED_VALUE"""),"BRICY Approche") -> BRICY Approche | B44: =IFERROR(__xludf.DUMMYFUNCTION("""COMPUTED_VALUE"""),122.7) -> 122.7
A45: =IFERROR(__xludf.DUMMYFUNCTION("""COMPUTED_VALUE"""),"CHATEAUDUN") -> CHATEAUDUN | B45: =IFERROR(__xludf.DUMMYFUNCTION("""COMPUTED_VALUE"""),125.625) -> 125.625
A46: =IFERROR(__xludf.DUMMYFUNCTION("""COMPUTED_VALUE"""),"COMPIEGNE") -> COMPIEGNE | B46: =IFERROR(__xludf.DUMMYFUNCTION("""COMPUTED_VALUE"""),122.305) -> 122.305
A47: =IFERROR(__xludf.DUMMYFUNCTION("""COMPUTED_VALUE"""),"ABBEVILLE") -> ABBEVILLE | B47: =IFERROR(__xludf.DUMMYFUNCTION("""COMPUTED_VALUE"""),120.06) -> 120.06
A48: =IFERROR(__xludf.DUMMYFUNCTION("""COMPUTED_VALUE"""),"LILLE 4 Info") -> LILLE 4 Info | B48: =IFERROR(__xludf.DUMMYFUNCTION("""COMPUTED_VALUE"""),132.61) -> 132.61
A49: =IFERROR(__xludf.DUMMYFUNCTION("""COMPUTED_VALUE"""),"LILLE 2 Info") -> LILLE 2 Info | B49: =IFERROR(__xludf.DUMMYFUNCTION("""COMPUTED_VALUE"""),127.015) -> 127.015
A50: =IFERROR(__xludf.DUMMYFUNCTION("""COMPUTED_VALUE"""),"LE TOUQUET Tour") -> LE TOUQUET Tour | B50: =IFERROR(__xludf.DUMMYFUNCTION("""COMPUTED_VALUE"""),118.45) -> 118.45
A51: =IFERROR(__xludf.DUMMYFUNCTION("""COMPUTED_VALUE"""),"LE TREPORT") -> LE TREPORT | B51: =IFERROR(__xludf.DUMMYFUNCTION("""COMPUTED_VALUE"""),123.5) -> 123.5
A52: =IFERROR(__xludf.DUMMYFUNCTION("""COMPUTED_VALUE"""),"LILLE 15 Approche") -> LILLE 15 Approche | B52: =IFERROR(__xludf.DUMMYFUNCTION("""COMPUTED_VALUE"""),134.825) -> 134.825
A53: =IFERROR(__xludf.DUMMYFUNCTION("""COMPUTED_VALUE"""),"LE TOUQUET ATIS") -> LE TOUQUET ATIS | B53: =IFERROR(__xludf.DUMMYFUNCTION("""COMPUTED_VALUE"""),123.13) -> 123.13
A54: =IFERROR(__xludf.DUMMYFUNCTION("""COMPUTED_VALUE"""),"BRICY Approche") -> BRICY Approche | B54: =IFERROR(__xludf.DUMMYFUNCTION("""COMPUTED_VALUE"""),122.7) -> 122.7
A55: =IFERROR(__xludf.DUMMYFUNCTION("""COMPUTED_VALUE"""),"LILLE 6 Info") -> LILLE 6 Info | B55: =IFERROR(__xludf.DUMMYFUNCTION("""COMPUTED_VALUE"""),134.825) -> 134.825
A56: =IFERROR(__xludf.DUMMYFUNCTION("""COMPUTED_VALUE"""),"MORET") -> MORET | B56: =IFERROR(__xludf.DUMMYFUNCTION("""COMPUTED_VALUE"""),120.055) -> 120.055
A57: =IFERROR(__xludf.DUMMYFUNCTION("""COMPUTED_VALUE"""),"MELUN Tour") -> MELUN Tour | B57: =IFERROR(__xludf.DUMMYFUNCTION("""COMPUTED_VALUE"""),121.1) -> 121.1
A58: =IFERROR(__xludf.DUMMYFUNCTION("""COMPUTED_VALUE"""),"ECURY") -> ECURY | B58: =IFERROR(__xludf.DUMMYFUNCTION("""COMPUTED_VALUE"""),118.98) -> 118.98
A59: =IFERROR(__xludf.DUMMYFUNCTION("""COMPUTED_VALUE"""),"VATRY Tour") -> VATRY Tour | B59: =IFERROR(__xludf.DUMMYFUNCTION("""COMPUTED_VALUE"""),129.4) -> 129.4
A60: =IFERROR(__xludf.DUMMYFUNCTION("""COMPUTED_VALUE"""),"VATRY ATIS") -> VATRY ATIS | B60: =IFERROR(__xludf.DUMMYFUNCTION("""COMPUTED_VALUE"""),136.38) -> 136.38
A61: =IFERROR(__xludf.DUMMYFUNCTION("""COMPUTED_VALUE"""),"VEILLE RP") -> VEILLE RP | B61: =IFERROR(__xludf.DUMMYFUNCTION("""COMPUTED_VALUE"""),120.075) -> 120.075
A62: =IFERROR(__xludf.DUMMYFUNCTION("""COMPUTED_VALUE"""),"BERNAY") -> BERNAY | B62: =IFERROR(__xludf.DUMMYFUNCTION("""COMPUTED_VALUE"""),119.23) -> 119.23
A63: =IFERROR(__xludf.DUMMYFUNCTION("""COMPUTED_VALUE"""),"RENNES Info (Sud)") -> RENNES Info (Sud) | B63: =IFERROR(__xludf.DUMMYFUNCTION("""COMPUTED_VALUE"""),134.0) -> 134
A64: =IFERROR(__xludf.DUMMYFUNCTION("""COMPUTED_VALUE"""),"ORLEANS Approche") -> ORLEANS Approche | B64: =IFERROR(__xludf.DUMMYFUNCTION("""COMPUTED_VALUE"""),122.7) -> 122.7
A65: =IFERROR(__xludf.DUMMYFUNCTION("""COMPUTED_VALUE"""),"ST-DENIS") -> ST-DENIS | B65: =IFERROR(__xludf.DUMMYFUNCTION("""COMPUTED_VALUE"""),122.405) -> 122.405
A66: =IFERROR(__xludf.DUMMYFUNCTION("""COMPUTED_VALUE"""),"SAINT ROMAIN") -> SAINT ROMAIN | B66: =IFERROR(__xludf.DUMMYFUNCTION("""COMPUTED_VALUE"""),123.5) -> 123.5
A67: =IFERROR(__xludf.DUMMYFUNCTION("""COMPUTED_VALUE"""),"LE HAVRE") -> LE HAVRE | B67: =IFERROR(__xludf.DUMMYFUNCTION("""COMPUTED_VALUE"""),123.205) -> 123.205
A68: =IFERROR(__xludf.DUMMYFUNCTION("""COMPUTED_VALUE"""),"LILLE 6 Info") -> LILLE 6 Info | B68: =IFERROR(__xludf.DUMMYFUNCTION("""COMPUTED_VALUE"""),134.825) -> 134.825
A69: =IFERROR(__xludf.DUMMYFUNCTION("""COMPUTED_VALUE"""),"DEAUVILLE") -> DEAUVILLE | B69: =IFERROR(__xludf.DUMMYFUNCTION("""COMPUTED_VALUE"""),118.3) -> 118.3
A70: =IFERROR(__xludf.DUMMYFUNCTION("""COMPUTED_VALUE"""),"RENNES Info (Cotentin)") -> RENNES Info (Cotentin) | B70: =IFERROR(__xludf.DUMMYFUNCTION("""COMPUTED_VALUE"""),120.35) -> 120.35
A71: =IFERROR(__xludf.DUMMYFUNCTION("""COMPUTED_VALUE"""),"RENNES Approche") -> RENNES Approche | B71: =IFERROR(__xludf.DUMMYFUNCTION("""COMPUTED_VALUE"""),134.2) -> 134.2
A72: =IFERROR(__xludf.DUMMYFUNCTION("""COMPUTED_VALUE"""),"SEINE Info") -> SEINE Info | B72: =IFERROR(__xludf.DUMMYFUNCTION("""COMPUTED_VALUE"""),121.1) -> 121.1
A73: =IFERROR(__xludf.DUMMYFUNCTION("""COMPUTED_VALUE"""),"AVORD Approche") -> AVORD Approche | B73: =IFERROR(__xludf.DUMMYFUNCTION("""COMPUTED_VALUE"""),119.7) -> 119.7
A74: =IFERROR(__xludf.DUMMYFUNCTION("""COMPUTED_VALUE"""),"BOURGES Tour") -> BOURGES Tour | B74: =IFERROR(__xludf.DUMMYFUNCTION("""COMPUTED_VALUE"""),119.605) -> 119.605
A75: =IFERROR(__xludf.DUMMYFUNCTION("""COMPUTED_VALUE"""),"CHATEAUNEUF") -> CHATEAUNEUF | B75: =IFERROR(__xludf.DUMMYFUNCTION("""COMPUTED_VALUE"""),123.5) -> 123.5

Sheet WAYPOINTS
A1: =IFERROR(__xludf.DUMMYFUNCTION("IMPORTRANGE(""https://docs.google.com/spreadsheets/d/1nWAfPSrBub0Dk95_hUPK_AHXC2zJl8VJ22upIdGhiyQ/edit#gid=806027610"",""WAYPOINTS!A:A"")"),"WPT NAME") -> WPT NAME | B1: =IFERROR(__xludf.DUMMYFUNCTION("IMPORTRANGE(""https://docs.google.com/spreadsheets/d/1nWAfPSrBub0Dk95_hUPK_AHXC2zJl8VJ22upIdGhiyQ/edit#gid=806027610"",""WAYPOINTS!B:B"")"),"LATITUDE") -> LATITUDE | C1: =IFERROR(__xludf.DUMMYFUNCTION("IMPORTRANGE(""https://docs.google.com/spreadsheets/d/1nWAfPSrBub0Dk95_hUPK_AHXC2zJl8VJ22upIdGhiyQ/edit#gid=806027610"",""WAYPOINTS!C:C"")"),"LONGITUDE") -> LONGITUDE | E1: WPT | F1: D_LAT | G1: M_LAT | H1: S_LAT | I1: C_LAT | J1: DMSC_LAT | K1: DD_LAT | L1: D_LON | M1: M_LON | N1: S_LON | O1: C_LON | P1: DMSC_LON | Q1: DD_LON
A2: =IFERROR(__xludf.DUMMYFUNCTION("""COMPUTED_VALUE"""),"LFXU") -> LFXU | B2: =IFERROR(__xludf.DUMMYFUNCTION("""COMPUTED_VALUE"""),48.99861) -> 48.99861 | C2: =IFERROR(__xludf.DUMMYFUNCTION("""COMPUTED_VALUE"""),1.941667) -> 1.941667 | E2: LFXU | F2: 48 | G2: 59 | H2: 54.996 | I2: N | J2: =F2&"°"&G2&"'"&H2&""""&I2 -> 48°59'54,996"N | K2: =DMS2DD2(J2) -> 48.99861 | L2: 1 | M2: 56 | N2: 30.0012 | O2: E | P2: =L2&"°"&M2&"'"&N2&""""&O2 -> 1°56'30,0012"E | Q2: =DMS2DD2(P2) -> 1.941667
A3: =IFERROR(__xludf.DUMMYFUNCTION("""COMPUTED_VALUE"""),"PTSW") -> PTSW | B3: =IFERROR(__xludf.DUMMYFUNCTION("""COMPUTED_VALUE"""),48.97055) -> 48.97055 | C3: =IFERROR(__xludf.DUMMYFUNCTION("""COMPUTED_VALUE"""),1.796111) -> 1.796111
A4: =IFERROR(__xludf.DUMMYFUNCTION("""COMPUTED_VALUE"""),"MEZER") -> MEZER | B4: =IFERROR(__xludf.DUMMYFUNCTION("""COMPUTED_VALUE"""),48.93333) -> 48.93333 | C4: =IFERROR(__xludf.DUMMYFUNCTION("""COMPUTED_VALUE"""),1.743056) -> 1.743056
A5: =IFERROR(__xludf.DUMMYFUNCTION("""COMPUTED_VALUE"""),"EPR") -> EPR | B5: =IFERROR(__xludf.DUMMYFUNCTION("""COMPUTED_VALUE"""),48.62569) -> 48.62569 | C5: =IFERROR(__xludf.DUMMYFUNCTION("""COMPUTED_VALUE"""),1.656569) -> 1.656569
A6: =IFERROR(__xludf.DUMMYFUNCTION("""COMPUTED_VALUE"""),"LFOR") -> LFOR | B6: =IFERROR(__xludf.DUMMYFUNCTION("""COMPUTED_VALUE"""),48.45889) -> 48.45889 | C6: =IFERROR(__xludf.DUMMYFUNCTION("""COMPUTED_VALUE"""),1.523889) -> 1.523889
A7: =IFERROR(__xludf.DUMMYFUNCTION("""COMPUTED_VALUE"""),"LFON") -> LFON | B7: =IFERROR(__xludf.DUMMYFUNCTION("""COMPUTED_VALUE"""),48.70583) -> 48.70583 | C7: =IFERROR(__xludf.DUMMYFUNCTION("""COMPUTED_VALUE"""),1.361389) -> 1.361389
A8: =IFERROR(__xludf.DUMMYFUNCTION("""COMPUTED_VALUE"""),"LFPX") -> LFPX | B8: =IFERROR(__xludf.DUMMYFUNCTION("""COMPUTED_VALUE"""),48.84222) -> 48.84222 | C8: =IFERROR(__xludf.DUMMYFUNCTION("""COMPUTED_VALUE"""),1.980278) -> 1.980278
A9: =IFERROR(__xludf.DUMMYFUNCTION("""COMPUTED_VALUE"""),"LFOX") -> LFOX | B9: =IFERROR(__xludf.DUMMYFUNCTION("""COMPUTED_VALUE"""),48.38111) -> 48.38111 | C9: =IFERROR(__xludf.DUMMYFUNCTION("""COMPUTED_VALUE"""),2.073889) -> 2.073889
A10: =IFERROR(__xludf.DUMMYFUNCTION("""COMPUTED_VALUE"""),"MEZY") -> MEZY | B10: =IFERROR(__xludf.DUMMYFUNCTION("""COMPUTED_VALUE"""),48.992383) -> 48.992383 | C10: =IFERROR(__xludf.DUMMYFUNCTION("""COMPUTED_VALUE"""),1.869174) -> 1.869174
A11: =IFERROR(__xludf.DUMMYFUNCTION("""COMPUTED_VALUE"""),"TDFAI") -> TDFAI | B11: =IFERROR(__xludf.DUMMYFUNCTION("""COMPUTED_VALUE"""),49.089676) -> 49.089676 | C11: =IFERROR(__xludf.DUMMYFUNCTION("""COMPUTED_VALUE"""),1.762016) -> 1.762016
A12: =IFERROR(__xludf.DUMMYFUNCTION("""COMPUTED_VALUE"""),"CLAIR") -> CLAIR | B12: =IFERROR(__xludf.DUMMYFUNCTION("""COMPUTED_VALUE"""),49.216048) -> 49.216048 | C12: =IFERROR(__xludf.DUMMYFUNCTION("""COMPUTED_VALUE"""),1.644408) -> 1.644408
A13: =IFERROR(__xludf.DUMMYFUNCTION("""COMPUTED_VALUE"""),"LFFY") -> LFFY | B13: =IFERROR(__xludf.DUMMYFUNCTION("""COMPUTED_VALUE"""),49.305278) -> 49.305278 | C13: =IFERROR(__xludf.DUMMYFUNCTION("""COMPUTED_VALUE"""),1.637778) -> 1.637778
A14: =IFERROR(__xludf.DUMMYFUNCTION("""COMPUTED_VALUE"""),"TRIEV") -> TRIEV | B14: =IFERROR(__xludf.DUMMYFUNCTION("""COMPUTED_VALUE"""),49.298666) -> 49.298666 | C14: =IFERROR(__xludf.DUMMYFUNCTION("""COMPUTED_VALUE"""),1.844722) -> 1.844722
A15: =IFERROR(__xludf.DUMMYFUNCTION("""COMPUTED_VALUE"""),"PTNW") -> PTNW | B15: =IFERROR(__xludf.DUMMYFUNCTION("""COMPUTED_VALUE"""),49.1475) -> 49.1475 | C15: =IFERROR(__xludf.DUMMYFUNCTION("""COMPUTED_VALUE"""),1.89917) -> 1.89917
A16: =IFERROR(__xludf.DUMMYFUNCTION("""COMPUTED_VALUE"""),"LFPT") -> LFPT | B16: =IFERROR(__xludf.DUMMYFUNCTION("""COMPUTED_VALUE"""),49.096628) -> 49.096628 | C16: =IFERROR(__xludf.DUMMYFUNCTION("""COMPUTED_VALUE"""),2.040722) -> 2.040722
A17: =IFERROR(__xludf.DUMMYFUNCTION("""COMPUTED_VALUE"""),"MOR1V") -> MOR1V | B17: =IFERROR(__xludf.DUMMYFUNCTION("""COMPUTED_VALUE"""),48.941239) -> 48.941239 | C17: =IFERROR(__xludf.DUMMYFUNCTION("""COMPUTED_VALUE"""),1.953162) -> 1.953162
A18: =IFERROR(__xludf.DUMMYFUNCTION("""COMPUTED_VALUE"""),"ARVIV") -> ARVIV | B18: =IFERROR(__xludf.DUMMYFUNCTION("""COMPUTED_VALUE"""),48.92695) -> 48.92695 | C18: =IFERROR(__xludf.DUMMYFUNCTION("""COMPUTED_VALUE"""),1.992397) -> 1.992397
A19: =IFERROR(__xludf.DUMMYFUNCTION("""COMPUTED_VALUE"""),"PXN") -> PXN | B19: =IFERROR(__xludf.DUMMYFUNCTION("""COMPUTED_VALUE"""),48.870748) -> 48.870748 | C19: =IFERROR(__xludf.DUMMYFUNCTION("""COMPUTED_VALUE"""),1.992513) -> 1.992513
A20: =IFERROR(__xludf.DUMMYFUNCTION("""COMPUTED_VALUE"""),"PXSW") -> PXSW | B20: =IFERROR(__xludf.DUMMYFUNCTION("""COMPUTED_VALUE"""),48.834312) -> 48.834312 | C20: =IFERROR(__xludf.DUMMYFUNCTION("""COMPUTED_VALUE"""),1.930541) -> 1.930541
A21: =IFERROR(__xludf.DUMMYFUNCTION("""COMPUTED_VALUE"""),"NOFL") -> NOFL | B21: =IFERROR(__xludf.DUMMYFUNCTION("""COMPUTED_VALUE"""),48.822909) -> 48.822909 | C21: =IFERROR(__xludf.DUMMYFUNCTION("""COMPUTED_VALUE"""),1.859104) -> 1.859104
A22: =IFERROR(__xludf.DUMMYFUNCTION("""COMPUTED_VALUE"""),"HOL") -> HOL | B22: =IFERROR(__xludf.DUMMYFUNCTION("""COMPUTED_VALUE"""),48.730583) -> 48.730583 | C22: =IFERROR(__xludf.DUMMYFUNCTION("""COMPUTED_VALUE"""),1.8205) -> 1.8205
A23: =IFERROR(__xludf.DUMMYFUNCTION("""COMPUTED_VALUE"""),"SEPTE") -> SEPTE | B23: =IFERROR(__xludf.DUMMYFUNCTION("""COMPUTED_VALUE"""),48.922736) -> 48.922736 | C23: =IFERROR(__xludf.DUMMYFUNCTION("""COMPUTED_VALUE"""),1.676891) -> 1.676891
A24: =IFERROR(__xludf.DUMMYFUNCTION("""COMPUTED_VALUE"""),"XUSW") -> XUSW | B24: =IFERROR(__xludf.DUMMYFUNCTION("""COMPUTED_VALUE"""),48.961992) -> 48.961992 | C24: =IFERROR(__xludf.DUMMYFUNCTION("""COMPUTED_VALUE"""),1.9188) -> 1.9188
A25: =IFERROR(__xludf.DUMMYFUNCTION("""COMPUTED_VALUE"""),"N12HE") -> N12HE | B25: =IFERROR(__xludf.DUMMYFUNCTION("""COMPUTED_VALUE"""),48.79863) -> 48.79863 | C25: =IFERROR(__xludf.DUMMYFUNCTION("""COMPUTED_VALUE"""),1.705125) -> 1.705125
A26: =IFERROR(__xludf.DUMMYFUNCTION("""COMPUTED_VALUE"""),"CHAUM") -> CHAUM | B26: =IFERROR(__xludf.DUMMYFUNCTION("""COMPUTED_VALUE"""),49.287717) -> 49.287717 | C26: =IFERROR(__xludf.DUMMYFUNCTION("""COMPUTED_VALUE"""),1.930439) -> 1.930439
A27: =IFERROR(__xludf.DUMMYFUNCTION("""COMPUTED_VALUE"""),"NEUCH") -> NEUCH | B27: =IFERROR(__xludf.DUMMYFUNCTION("""COMPUTED_VALUE"""),49.70355) -> 49.70355 | C27: =IFERROR(__xludf.DUMMYFUNCTION("""COMPUTED_VALUE"""),1.432241) -> 1.432241
A28: =IFERROR(__xludf.DUMMYFUNCTION("""COMPUTED_VALUE"""),"LFOB") -> LFOB | B28: =IFERROR(__xludf.DUMMYFUNCTION("""COMPUTED_VALUE"""),49.454422) -> 49.454422 | C28: =IFERROR(__xludf.DUMMYFUNCTION("""COMPUTED_VALUE"""),2.112814) -> 2.112814
A29: =IFERROR(__xludf.DUMMYFUNCTION("""COMPUTED_VALUE"""),"LFOI") -> LFOI | B29: =IFERROR(__xludf.DUMMYFUNCTION("""COMPUTED_VALUE"""),50.142222) -> 50.142222 | C29: =IFERROR(__xludf.DUMMYFUNCTION("""COMPUTED_VALUE"""),1.831111) -> 1.831111
A30: =IFERROR(__xludf.DUMMYFUNCTION("""COMPUTED_VALUE"""),"LFAE") -> LFAE | B30: =IFERROR(__xludf.DUMMYFUNCTION("""COMPUTED_VALUE"""),50.069167) -> 50.069167 | C30: =IFERROR(__xludf.DUMMYFUNCTION("""COMPUTED_VALUE"""),1.426667) -> 1.426667
A31: =IFERROR(__xludf.DUMMYFUNCTION("""COMPUTED_VALUE"""),"LFAB") -> LFAB | B31: =IFERROR(__xludf.DUMMYFUNCTION("""COMPUTED_VALUE"""),49.882633) -> 49.882633 | C31: =IFERROR(__xludf.DUMMYFUNCTION("""COMPUTED_VALUE"""),1.085331) -> 1.085331
A32: =IFERROR(__xludf.DUMMYFUNCTION("""COMPUTED_VALUE"""),"LFOP") -> LFOP | B32: =IFERROR(__xludf.DUMMYFUNCTION("""COMPUTED_VALUE"""),49.390953) -> 49.390953 | C32: =IFERROR(__xludf.DUMMYFUNCTION("""COMPUTED_VALUE"""),1.183936) -> 1.183936
A33: =IFERROR(__xludf.DUMMYFUNCTION("""COMPUTED_VALUE"""),"ENVER") -> ENVER | B33: =IFERROR(__xludf.DUMMYFUNCTION("""COMPUTED_VALUE"""),49.89667) -> 49.89667 | C33: =IFERROR(__xludf.DUMMYFUNCTION("""COMPUTED_VALUE"""),1.241448) -> 1.241448
A34: =IFERROR(__xludf.DUMMYFUNCTION("""COMPUTED_VALUE"""),"OPN") -> OPN | B34: =IFERROR(__xludf.DUMMYFUNCTION("""COMPUTED_VALUE"""),49.4897) -> 49.4897 | C34: =IFERROR(__xludf.DUMMYFUNCTION("""COMPUTED_VALUE"""),1.145) -> 1.145
A35: =IFERROR(__xludf.DUMMYFUNCTION("""COMPUTED_VALUE"""),"OPSB") -> OPSB | B35: =IFERROR(__xludf.DUMMYFUNCTION("""COMPUTED_VALUE"""),49.2681) -> 49.2681 | C35: =IFERROR(__xludf.DUMMYFUNCTION("""COMPUTED_VALUE"""),1.13722) -> 1.13722
A36: =IFERROR(__xludf.DUMMYFUNCTION("""COMPUTED_VALUE"""),"FFEL") -> FFEL | B36: =IFERROR(__xludf.DUMMYFUNCTION("""COMPUTED_VALUE"""),49.2472) -> 49.2472 | C36: =IFERROR(__xludf.DUMMYFUNCTION("""COMPUTED_VALUE"""),1.18056) -> 1.18056
A37: =IFERROR(__xludf.DUMMYFUNCTION("""COMPUTED_VALUE"""),"OEEG") -> OEEG | B37: =IFERROR(__xludf.DUMMYFUNCTION("""COMPUTED_VALUE"""),49.2378) -> 49.2378 | C37: =IFERROR(__xludf.DUMMYFUNCTION("""COMPUTED_VALUE"""),1.40472) -> 1.40472
A38: =IFERROR(__xludf.DUMMYFUNCTION("""COMPUTED_VALUE"""),"OEET") -> OEET | B38: =IFERROR(__xludf.DUMMYFUNCTION("""COMPUTED_VALUE"""),49.1778) -> 49.1778 | C38: =IFERROR(__xludf.DUMMYFUNCTION("""COMPUTED_VALUE"""),1.54444) -> 1.54444
A39: =IFERROR(__xludf.DUMMYFUNCTION("""COMPUTED_VALUE"""),"GRANVI") -> GRANVI | B39: =IFERROR(__xludf.DUMMYFUNCTION("""COMPUTED_VALUE"""),49.661011) -> 49.661011 | C39: =IFERROR(__xludf.DUMMYFUNCTION("""COMPUTED_VALUE"""),1.921725) -> 1.921725
A40: =IFERROR(__xludf.DUMMYFUNCTION("""COMPUTED_VALUE"""),"ATS") -> ATS | B40: =IFERROR(__xludf.DUMMYFUNCTION("""COMPUTED_VALUE"""),50.4194) -> 50.4194 | C40: =IFERROR(__xludf.DUMMYFUNCTION("""COMPUTED_VALUE"""),1.65) -> 1.65
A41: =IFERROR(__xludf.DUMMYFUNCTION("""COMPUTED_VALUE"""),"LFAT") -> LFAT | B41: =IFERROR(__xludf.DUMMYFUNCTION("""COMPUTED_VALUE"""),50.514847) -> 50.514847 | C41: =IFERROR(__xludf.DUMMYFUNCTION("""COMPUTED_VALUE"""),1.627578) -> 1.627578
A42: =IFERROR(__xludf.DUMMYFUNCTION("""COMPUTED_VALUE"""),"ROU") -> ROU | B42: =IFERROR(__xludf.DUMMYFUNCTION("""COMPUTED_VALUE"""),49.465647) -> 49.465647 | C42: =IFERROR(__xludf.DUMMYFUNCTION("""COMPUTED_VALUE"""),1.280628) -> 1.280628
A43: =IFERROR(__xludf.DUMMYFUNCTION("""COMPUTED_VALUE"""),"ATNB") -> ATNB | B43: =IFERROR(__xludf.DUMMYFUNCTION("""COMPUTED_VALUE"""),50.5792) -> 50.5792 | C43: =IFERROR(__xludf.DUMMYFUNCTION("""COMPUTED_VALUE"""),1.57722) -> 1.57722
A44: =IFERROR(__xludf.DUMMYFUNCTION("""COMPUTED_VALUE"""),"EAWY") -> EAWY | B44: =IFERROR(__xludf.DUMMYFUNCTION("""COMPUTED_VALUE"""),49.755464) -> 49.755464 | C44: =IFERROR(__xludf.DUMMYFUNCTION("""COMPUTED_VALUE"""),1.273306) -> 1.273306
A45: =IFERROR(__xludf.DUMMYFUNCTION("""COMPUTED_VALUE"""),"A11CS") -> A11CS | B45: =IFERROR(__xludf.DUMMYFUNCTION("""COMPUTED_VALUE"""),48.325857) -> 48.325857 | C45: =IFERROR(__xludf.DUMMYFUNCTION("""COMPUTED_VALUE"""),1.372196) -> 1.372196
A46: =IFERROR(__xludf.DUMMYFUNCTION("""COMPUTED_VALUE"""),"CHATE") -> CHATE | B46: =IFERROR(__xludf.DUMMYFUNCTION("""COMPUTED_VALUE"""),48.062839) -> 48.062839 | C46: =IFERROR(__xludf.DUMMYFUNCTION("""COMPUTED_VALUE"""),1.259611) -> 1.259611
A47: =IFERROR(__xludf.DUMMYFUNCTION("""COMPUTED_VALUE"""),"LFOC") -> LFOC | B47: =IFERROR(__xludf.DUMMYFUNCTION("""COMPUTED_VALUE"""),48.057875) -> 48.057875 | C47: =IFERROR(__xludf.DUMMYFUNCTION("""COMPUTED_VALUE"""),1.379722) -> 1.379722
A48: =IFERROR(__xludf.DUMMYFUNCTION("""COMPUTED_VALUE"""),"CHW") -> CHW | B48: =IFERROR(__xludf.DUMMYFUNCTION("""COMPUTED_VALUE"""),48.480003) -> 48.480003 | C48: =IFERROR(__xludf.DUMMYFUNCTION("""COMPUTED_VALUE"""),0.98705) -> 0.98705
A49: =IFERROR(__xludf.DUMMYFUNCTION("""COMPUTED_VALUE"""),"LFOL") -> LFOL | B49: =IFERROR(__xludf.DUMMYFUNCTION("""COMPUTED_VALUE"""),48.758889) -> 48.758889 | C49: =IFERROR(__xludf.DUMMYFUNCTION("""COMPUTED_VALUE"""),0.657778) -> 0.657778
A50: =IFERROR(__xludf.DUMMYFUNCTION("""COMPUTED_VALUE"""),"LFFL") -> LFFL | B50: =IFERROR(__xludf.DUMMYFUNCTION("""COMPUTED_VALUE"""),48.514722) -> 48.514722 | C50: =IFERROR(__xludf.DUMMYFUNCTION("""COMPUTED_VALUE"""),1.638611) -> 1.638611
A51: =IFERROR(__xludf.DUMMYFUNCTION("""COMPUTED_VALUE"""),"TOIRI") -> TOIRI | B51: =IFERROR(__xludf.DUMMYFUNCTION("""COMPUTED_VALUE"""),48.870052) -> 48.870052 | C51: =IFERROR(__xludf.DUMMYFUNCTION("""COMPUTED_VALUE"""),1.779847) -> 1.779847
A52: =IFERROR(__xludf.DUMMYFUNCTION("""COMPUTED_VALUE"""),"HOLAN") -> HOLAN | B52: =IFERROR(__xludf.DUMMYFUNCTION("""COMPUTED_VALUE"""),48.71056) -> 48.71056 | C52: =IFERROR(__xludf.DUMMYFUNCTION("""COMPUTED_VALUE"""),1.872139) -> 1.872139
A53: =IFERROR(__xludf.DUMMYFUNCTION("""COMPUTED_VALUE"""),"ARNOU") -> ARNOU | B53: =IFERROR(__xludf.DUMMYFUNCTION("""COMPUTED_VALUE"""),48.552796) -> 48.552796 | C53: =IFERROR(__xludf.DUMMYFUNCTION("""COMPUTED_VALUE"""),1.931751) -> 1.931751
A54: =IFERROR(__xludf.DUMMYFUNCTION("""COMPUTED_VALUE"""),"MILLY") -> MILLY | B54: =IFERROR(__xludf.DUMMYFUNCTION("""COMPUTED_VALUE"""),48.387536) -> 48.387536 | C54: =IFERROR(__xludf.DUMMYFUNCTION("""COMPUTED_VALUE"""),2.471331) -> 2.471331
A55: =IFERROR(__xludf.DUMMYFUNCTION("""COMPUTED_VALUE"""),"LFPU") -> LFPU | B55: =IFERROR(__xludf.DUMMYFUNCTION("""COMPUTED_VALUE"""),48.340833) -> 48.340833 | C55: =IFERROR(__xludf.DUMMYFUNCTION("""COMPUTED_VALUE"""),2.797778) -> 2.797778
A56: =IFERROR(__xludf.DUMMYFUNCTION("""COMPUTED_VALUE"""),"DOURD") -> DOURD | B56: =IFERROR(__xludf.DUMMYFUNCTION("""COMPUTED_VALUE"""),48.51014) -> 48.51014 | C56: =IFERROR(__xludf.DUMMYFUNCTION("""COMPUTED_VALUE"""),1.99678) -> 1.99678
A57: =IFERROR(__xludf.DUMMYFUNCTION("""COMPUTED_VALUE"""),"LFPM") -> LFPM | B57: =IFERROR(__xludf.DUMMYFUNCTION("""COMPUTED_VALUE"""),48.605283) -> 48.605283 | C57: =IFERROR(__xludf.DUMMYFUNCTION("""COMPUTED_VALUE"""),2.670781) -> 2.670781
A58: =IFERROR(__xludf.DUMMYFUNCTION("""COMPUTED_VALUE"""),"MALSR") -> MALSR | B58: =IFERROR(__xludf.DUMMYFUNCTION("""COMPUTED_VALUE"""),48.280469) -> 48.280469 | C58: =IFERROR(__xludf.DUMMYFUNCTION("""COMPUTED_VALUE"""),2.4076) -> 2.4076
A59: =IFERROR(__xludf.DUMMYFUNCTION("""COMPUTED_VALUE"""),"COTIN") -> COTIN | B59: =IFERROR(__xludf.DUMMYFUNCTION("""COMPUTED_VALUE"""),48.338465) -> 48.338465 | C59: =IFERROR(__xludf.DUMMYFUNCTION("""COMPUTED_VALUE"""),1.867581) -> 1.867581
